"patient_id","age","age_group","vaccination_date","event_date","days_to_event","window","window_start","window_end","person_time","event","risk_indicator","calendar_date","look_available"
"P17643",74,"65-74",2024-10-01,2024-10-04,3,"risk",2024-10-02,2024-10-29,28,1,1,2024-10-29,0
"P17318",89,"85+",2024-10-01,2024-11-05,35,"risk",2024-10-02,2024-10-29,28,0,1,2024-10-29,0
"P09398",65,"65-74",2024-10-01,2024-11-04,34,"risk",2024-10-02,2024-10-29,28,0,1,2024-10-29,0
"P11142",68,"65-74",2024-10-01,2024-10-18,17,"risk",2024-10-02,2024-10-29,28,1,1,2024-10-29,0
"P19228",72,"65-74",2024-10-02,2024-11-18,47,"risk",2024-10-03,2024-10-30,28,0,1,2024-10-30,0
"P15948",75,"65-74",2024-10-02,2024-10-18,16,"risk",2024-10-03,2024-10-30,28,1,1,2024-10-30,0
"P04984",72,"65-74",2024-10-02,2024-11-27,56,"risk",2024-10-03,2024-10-30,28,0,1,2024-10-30,0
"P05195",75,"75-84",2024-10-02,2024-10-19,17,"risk",2024-10-03,2024-10-30,28,1,1,2024-10-30,0
"P10344",82,"75-84",2024-10-02,2024-10-12,10,"risk",2024-10-03,2024-10-30,28,1,1,2024-10-30,0
"P14241",70,"65-74",2024-10-02,2024-11-15,44,"risk",2024-10-03,2024-10-30,28,0,1,2024-10-30,0
"P06281",70,"65-74",2024-10-02,2024-10-07,5,"risk",2024-10-03,2024-10-30,28,1,1,2024-10-30,0
"P05517",65,"65-74",2024-10-03,2024-10-15,12,"risk",2024-10-04,2024-10-31,28,1,1,2024-10-31,0
"P05086",83,"75-84",2024-10-03,2024-10-15,12,"risk",2024-10-04,2024-10-31,28,1,1,2024-10-31,0
"P13984",86,"85+",2024-10-03,2024-11-16,44,"risk",2024-10-04,2024-10-31,28,0,1,2024-10-31,0
"P13671",94,"85+",2024-10-03,2024-10-19,16,"risk",2024-10-04,2024-10-31,28,1,1,2024-10-31,0
"P19171",75,"75-84",2024-10-03,2024-10-22,19,"risk",2024-10-04,2024-10-31,28,1,1,2024-10-31,0
"P08235",71,"65-74",2024-10-03,2024-11-06,34,"risk",2024-10-04,2024-10-31,28,0,1,2024-10-31,0
"P02627",69,"65-74",2024-10-03,2024-11-22,50,"risk",2024-10-04,2024-10-31,28,0,1,2024-10-31,0
"P16268",66,"65-74",2024-10-03,2024-10-18,15,"risk",2024-10-04,2024-10-31,28,1,1,2024-10-31,0
"P07694",84,"75-84",2024-10-03,2024-10-17,14,"risk",2024-10-04,2024-10-31,28,1,1,2024-10-31,0
"P04741",68,"65-74",2024-10-03,2024-11-11,39,"risk",2024-10-04,2024-10-31,28,0,1,2024-10-31,0
"P08249",67,"65-74",2024-10-04,2024-11-07,34,"risk",2024-10-05,2024-11-01,28,0,1,2024-11-01,0
"P07245",66,"65-74",2024-10-04,2024-10-29,25,"risk",2024-10-05,2024-11-01,28,1,1,2024-11-01,0
"P05200",69,"65-74",2024-10-04,2024-11-02,29,"risk",2024-10-05,2024-11-01,28,0,1,2024-11-01,0
"P19172",69,"65-74",2024-10-04,2024-11-26,53,"risk",2024-10-05,2024-11-01,28,0,1,2024-11-01,0
"P18788",66,"65-74",2024-10-04,2024-10-07,3,"risk",2024-10-05,2024-11-01,28,1,1,2024-11-01,0
"P10194",83,"75-84",2024-10-04,2024-11-06,33,"risk",2024-10-05,2024-11-01,28,0,1,2024-11-01,0
"P07058",65,"65-74",2024-10-04,2024-11-21,48,"risk",2024-10-05,2024-11-01,28,0,1,2024-11-01,0
"P15651",78,"75-84",2024-10-05,2024-11-25,51,"risk",2024-10-06,2024-11-02,28,0,1,2024-11-02,0
"P06539",66,"65-74",2024-10-05,2024-11-28,54,"risk",2024-10-06,2024-11-02,28,0,1,2024-11-02,0
"P07862",72,"65-74",2024-10-05,2024-10-13,8,"risk",2024-10-06,2024-11-02,28,1,1,2024-11-02,0
"P07337",71,"65-74",2024-10-05,2024-11-12,38,"risk",2024-10-06,2024-11-02,28,0,1,2024-11-02,0
"P16588",95,"85+",2024-10-05,2024-11-30,56,"risk",2024-10-06,2024-11-02,28,0,1,2024-11-02,0
"P00570",74,"65-74",2024-10-06,2024-10-11,5,"risk",2024-10-07,2024-11-03,28,1,1,2024-11-03,0
"P07027",69,"65-74",2024-10-06,2024-10-10,4,"risk",2024-10-07,2024-11-03,28,1,1,2024-11-03,0
"P00935",75,"65-74",2024-10-06,2024-11-10,35,"risk",2024-10-07,2024-11-03,28,0,1,2024-11-03,0
"P16062",66,"65-74",2024-10-06,2024-10-11,5,"risk",2024-10-07,2024-11-03,28,1,1,2024-11-03,0
"P19155",72,"65-74",2024-10-06,2024-10-30,24,"risk",2024-10-07,2024-11-03,28,1,1,2024-11-03,0
"P05615",74,"65-74",2024-10-06,2024-11-01,26,"risk",2024-10-07,2024-11-03,28,1,1,2024-11-03,0
"P06554",70,"65-74",2024-10-07,2024-11-29,53,"risk",2024-10-08,2024-11-04,28,0,1,2024-11-04,0
"P11391",66,"65-74",2024-10-07,2024-10-17,10,"risk",2024-10-08,2024-11-04,28,1,1,2024-11-04,0
"P09883",72,"65-74",2024-10-07,2024-11-13,37,"risk",2024-10-08,2024-11-04,28,0,1,2024-11-04,0
"P06971",71,"65-74",2024-10-07,2024-10-17,10,"risk",2024-10-08,2024-11-04,28,1,1,2024-11-04,0
"P01002",81,"75-84",2024-10-08,2024-10-13,5,"risk",2024-10-09,2024-11-05,28,1,1,2024-11-05,0
"P08472",75,"75-84",2024-10-08,2024-11-02,25,"risk",2024-10-09,2024-11-05,28,1,1,2024-11-05,0
"P00397",71,"65-74",2024-10-08,2024-10-21,13,"risk",2024-10-09,2024-11-05,28,1,1,2024-11-05,0
"P03965",71,"65-74",2024-10-08,2024-10-28,20,"risk",2024-10-09,2024-11-05,28,1,1,2024-11-05,0
"P09361",75,"65-74",2024-10-09,2024-10-16,7,"risk",2024-10-10,2024-11-06,28,1,1,2024-11-06,0
"P02762",74,"65-74",2024-10-09,2024-10-27,18,"risk",2024-10-10,2024-11-06,28,1,1,2024-11-06,0
"P04748",66,"65-74",2024-10-09,2024-11-21,43,"risk",2024-10-10,2024-11-06,28,0,1,2024-11-06,0
"P14735",74,"65-74",2024-10-09,2024-10-25,16,"risk",2024-10-10,2024-11-06,28,1,1,2024-11-06,0
"P00623",67,"65-74",2024-10-10,2024-11-20,41,"risk",2024-10-11,2024-11-07,28,0,1,2024-11-07,0
"P03370",81,"75-84",2024-10-10,2024-10-11,1,"risk",2024-10-11,2024-11-07,28,1,1,2024-11-07,0
"P05671",68,"65-74",2024-10-11,2024-10-26,15,"risk",2024-10-12,2024-11-08,28,1,1,2024-11-08,0
"P11739",94,"85+",2024-10-11,2024-12-04,54,"risk",2024-10-12,2024-11-08,28,0,1,2024-11-08,0
"P04356",71,"65-74",2024-10-12,2024-10-25,13,"risk",2024-10-13,2024-11-09,28,1,1,2024-11-09,0
"P07488",78,"75-84",2024-10-12,2024-11-25,44,"risk",2024-10-13,2024-11-09,28,0,1,2024-11-09,0
"P16267",67,"65-74",2024-10-12,2024-10-13,1,"risk",2024-10-13,2024-11-09,28,1,1,2024-11-09,0
"P13743",72,"65-74",2024-10-12,2024-11-27,46,"risk",2024-10-13,2024-11-09,28,0,1,2024-11-09,0
"P15755",69,"65-74",2024-10-12,2024-11-27,46,"risk",2024-10-13,2024-11-09,28,0,1,2024-11-09,0
"P16491",65,"65-74",2024-10-13,2024-11-21,39,"risk",2024-10-14,2024-11-10,28,0,1,2024-11-10,0
"P05071",65,"65-74",2024-10-13,2024-10-22,9,"risk",2024-10-14,2024-11-10,28,1,1,2024-11-10,0
"P02051",68,"65-74",2024-10-13,2024-10-30,17,"risk",2024-10-14,2024-11-10,28,1,1,2024-11-10,0
"P03434",71,"65-74",2024-10-13,2024-11-07,25,"risk",2024-10-14,2024-11-10,28,1,1,2024-11-10,0
"P00152",65,"65-74",2024-10-13,2024-11-12,30,"risk",2024-10-14,2024-11-10,28,0,1,2024-11-10,0
"P12687",72,"65-74",2024-10-13,2024-11-09,27,"risk",2024-10-14,2024-11-10,28,1,1,2024-11-10,0
"P05306",69,"65-74",2024-10-14,2024-11-15,32,"risk",2024-10-15,2024-11-11,28,0,1,2024-11-11,0
"P11286",84,"75-84",2024-10-14,2024-10-26,12,"risk",2024-10-15,2024-11-11,28,1,1,2024-11-11,0
"P18419",79,"75-84",2024-10-14,2024-11-17,34,"risk",2024-10-15,2024-11-11,28,0,1,2024-11-11,0
"P16138",72,"65-74",2024-10-14,2024-12-02,49,"risk",2024-10-15,2024-11-11,28,0,1,2024-11-11,0
"P15890",66,"65-74",2024-10-14,2024-11-08,25,"risk",2024-10-15,2024-11-11,28,1,1,2024-11-11,0
"P04358",73,"65-74",2024-10-14,2024-11-20,37,"risk",2024-10-15,2024-11-11,28,0,1,2024-11-11,0
"P08248",75,"75-84",2024-10-15,2024-10-25,10,"risk",2024-10-16,2024-11-12,28,1,1,2024-11-12,0
"P18967",91,"85+",2024-10-15,2024-11-06,22,"risk",2024-10-16,2024-11-12,28,1,1,2024-11-12,0
"P07588",75,"65-74",2024-10-16,2024-10-19,3,"risk",2024-10-17,2024-11-13,28,1,1,2024-11-13,0
"P04801",66,"65-74",2024-10-16,2024-11-01,16,"risk",2024-10-17,2024-11-13,28,1,1,2024-11-13,0
"P00174",71,"65-74",2024-10-16,2024-10-24,8,"risk",2024-10-17,2024-11-13,28,1,1,2024-11-13,0
"P18166",66,"65-74",2024-10-16,2024-10-28,12,"risk",2024-10-17,2024-11-13,28,1,1,2024-11-13,0
"P10964",85,"75-84",2024-10-16,2024-11-03,18,"risk",2024-10-17,2024-11-13,28,1,1,2024-11-13,0
"P10651",71,"65-74",2024-10-17,2024-11-23,37,"risk",2024-10-18,2024-11-14,28,0,1,2024-11-14,0
"P15086",69,"65-74",2024-10-17,2024-11-11,25,"risk",2024-10-18,2024-11-14,28,1,1,2024-11-14,0
"P04136",80,"75-84",2024-10-17,2024-10-29,12,"risk",2024-10-18,2024-11-14,28,1,1,2024-11-14,0
"P15218",71,"65-74",2024-10-17,2024-10-27,10,"risk",2024-10-18,2024-11-14,28,1,1,2024-11-14,0
"P19838",78,"75-84",2024-10-17,2024-11-24,38,"risk",2024-10-18,2024-11-14,28,0,1,2024-11-14,0
"P05342",79,"75-84",2024-10-17,2024-11-05,19,"risk",2024-10-18,2024-11-14,28,1,1,2024-11-14,0
"P03621",83,"75-84",2024-10-17,2024-11-30,44,"risk",2024-10-18,2024-11-14,28,0,1,2024-11-14,0
"P00645",83,"75-84",2024-10-18,2024-11-16,29,"risk",2024-10-19,2024-11-15,28,0,1,2024-11-15,0
"P17185",65,"65-74",2024-10-19,2024-11-04,16,"risk",2024-10-20,2024-11-16,28,1,1,2024-11-16,0
"P09409",84,"75-84",2024-10-21,2024-12-11,51,"risk",2024-10-22,2024-11-18,28,0,1,2024-11-18,0
"P17282",72,"65-74",2024-10-21,2024-10-28,7,"risk",2024-10-22,2024-11-18,28,1,1,2024-11-18,0
"P13310",78,"75-84",2024-10-21,2024-12-12,52,"risk",2024-10-22,2024-11-18,28,0,1,2024-11-18,0
"P06416",72,"65-74",2024-10-21,2024-12-05,45,"risk",2024-10-22,2024-11-18,28,0,1,2024-11-18,0
"P06964",69,"65-74",2024-10-22,2024-11-29,38,"risk",2024-10-23,2024-11-19,28,0,1,2024-11-19,0
"P05667",69,"65-74",2024-10-22,2024-10-26,4,"risk",2024-10-23,2024-11-19,28,1,1,2024-11-19,0
"P02691",69,"65-74",2024-10-22,2024-11-06,15,"risk",2024-10-23,2024-11-19,28,1,1,2024-11-19,0
"P18177",70,"65-74",2024-10-22,2024-10-28,6,"risk",2024-10-23,2024-11-19,28,1,1,2024-11-19,0
"P16675",68,"65-74",2024-10-22,2024-10-28,6,"risk",2024-10-23,2024-11-19,28,1,1,2024-11-19,0
"P16683",72,"65-74",2024-10-23,2024-11-26,34,"risk",2024-10-24,2024-11-20,28,0,1,2024-11-20,0
"P03012",70,"65-74",2024-10-23,2024-12-18,56,"risk",2024-10-24,2024-11-20,28,0,1,2024-11-20,0
"P15283",66,"65-74",2024-10-23,2024-11-20,28,"risk",2024-10-24,2024-11-20,28,1,1,2024-11-20,0
"P00608",82,"75-84",2024-10-23,2024-11-01,9,"risk",2024-10-24,2024-11-20,28,1,1,2024-11-20,0
"P04755",84,"75-84",2024-10-23,2024-11-20,28,"risk",2024-10-24,2024-11-20,28,1,1,2024-11-20,0
"P02555",81,"75-84",2024-10-24,2024-11-12,19,"risk",2024-10-25,2024-11-21,28,1,1,2024-11-21,0
"P17406",74,"65-74",2024-10-24,2024-11-22,29,"risk",2024-10-25,2024-11-21,28,0,1,2024-11-21,0
"P14405",78,"75-84",2024-10-24,2024-12-17,54,"risk",2024-10-25,2024-11-21,28,0,1,2024-11-21,0
"P04119",71,"65-74",2024-10-24,2024-12-18,55,"risk",2024-10-25,2024-11-21,28,0,1,2024-11-21,0
"P04848",80,"75-84",2024-10-24,2024-11-15,22,"risk",2024-10-25,2024-11-21,28,1,1,2024-11-21,0
"P05549",79,"75-84",2024-10-24,2024-12-08,45,"risk",2024-10-25,2024-11-21,28,0,1,2024-11-21,0
"P15525",84,"75-84",2024-10-25,2024-11-03,9,"risk",2024-10-26,2024-11-22,28,1,1,2024-11-22,0
"P09553",77,"75-84",2024-10-25,2024-12-04,40,"risk",2024-10-26,2024-11-22,28,0,1,2024-11-22,0
"P05069",93,"85+",2024-10-25,2024-11-09,15,"risk",2024-10-26,2024-11-22,28,1,1,2024-11-22,0
"P11795",68,"65-74",2024-10-25,2024-11-12,18,"risk",2024-10-26,2024-11-22,28,1,1,2024-11-22,0
"P01289",74,"65-74",2024-10-25,2024-12-06,42,"risk",2024-10-26,2024-11-22,28,0,1,2024-11-22,0
"P12563",69,"65-74",2024-10-26,2024-11-19,24,"risk",2024-10-27,2024-11-23,28,1,1,2024-11-23,0
"P01787",72,"65-74",2024-10-26,2024-12-07,42,"risk",2024-10-27,2024-11-23,28,0,1,2024-11-23,0
"P08031",83,"75-84",2024-10-26,2024-12-13,48,"risk",2024-10-27,2024-11-23,28,0,1,2024-11-23,0
"P04765",82,"75-84",2024-10-26,2024-11-24,29,"risk",2024-10-27,2024-11-23,28,0,1,2024-11-23,0
"P02513",69,"65-74",2024-10-26,2024-11-02,7,"risk",2024-10-27,2024-11-23,28,1,1,2024-11-23,0
"P09426",74,"65-74",2024-10-27,2024-12-17,51,"risk",2024-10-28,2024-11-24,28,0,1,2024-11-24,0
"P01754",95,"85+",2024-10-27,2024-12-12,46,"risk",2024-10-28,2024-11-24,28,0,1,2024-11-24,0
"P01917",73,"65-74",2024-10-28,2024-11-27,30,"risk",2024-10-29,2024-11-25,28,0,1,2024-11-25,0
"P06784",88,"85+",2024-10-28,2024-12-13,46,"risk",2024-10-29,2024-11-25,28,0,1,2024-11-25,0
"P17908",93,"85+",2024-10-28,2024-12-10,43,"risk",2024-10-29,2024-11-25,28,0,1,2024-11-25,0
"P01668",81,"75-84",2024-10-28,2024-12-08,41,"risk",2024-10-29,2024-11-25,28,0,1,2024-11-25,0
"P15538",67,"65-74",2024-10-29,2024-11-16,18,"risk",2024-10-30,2024-11-26,28,1,1,2024-11-26,0
"P10301",74,"65-74",2024-10-29,2024-12-02,34,"risk",2024-10-30,2024-11-26,28,0,1,2024-11-26,0
"P00518",65,"65-74",2024-10-29,2024-11-14,16,"risk",2024-10-30,2024-11-26,28,1,1,2024-11-26,0
"P17643",74,"65-74",2024-10-01,2024-10-04,3,"control",2024-10-30,2024-11-26,28,0,0,2024-11-26,0
"P17318",89,"85+",2024-10-01,2024-11-05,35,"control",2024-10-30,2024-11-26,28,1,0,2024-11-26,0
"P09398",65,"65-74",2024-10-01,2024-11-04,34,"control",2024-10-30,2024-11-26,28,1,0,2024-11-26,0
"P11142",68,"65-74",2024-10-01,2024-10-18,17,"control",2024-10-30,2024-11-26,28,0,0,2024-11-26,0
"P09198",73,"65-74",2024-10-30,2024-11-26,27,"risk",2024-10-31,2024-11-27,28,1,1,2024-11-27,0
"P19228",72,"65-74",2024-10-02,2024-11-18,47,"control",2024-10-31,2024-11-27,28,1,0,2024-11-27,0
"P15948",75,"65-74",2024-10-02,2024-10-18,16,"control",2024-10-31,2024-11-27,28,0,0,2024-11-27,0
"P15416",75,"65-74",2024-10-30,2024-11-16,17,"risk",2024-10-31,2024-11-27,28,1,1,2024-11-27,0
"P04984",72,"65-74",2024-10-02,2024-11-27,56,"control",2024-10-31,2024-11-27,28,1,0,2024-11-27,0
"P05195",75,"75-84",2024-10-02,2024-10-19,17,"control",2024-10-31,2024-11-27,28,0,0,2024-11-27,0
"P10344",82,"75-84",2024-10-02,2024-10-12,10,"control",2024-10-31,2024-11-27,28,0,0,2024-11-27,0
"P14241",70,"65-74",2024-10-02,2024-11-15,44,"control",2024-10-31,2024-11-27,28,1,0,2024-11-27,0
"P09037",78,"75-84",2024-10-30,2024-12-23,54,"risk",2024-10-31,2024-11-27,28,0,1,2024-11-27,0
"P06281",70,"65-74",2024-10-02,2024-10-07,5,"control",2024-10-31,2024-11-27,28,0,0,2024-11-27,0
"P03141",90,"85+",2024-10-31,2024-11-13,13,"risk",2024-11-01,2024-11-28,28,1,1,2024-11-28,0
"P13471",70,"65-74",2024-10-31,2024-11-19,19,"risk",2024-11-01,2024-11-28,28,1,1,2024-11-28,0
"P10257",66,"65-74",2024-10-31,2024-11-18,18,"risk",2024-11-01,2024-11-28,28,1,1,2024-11-28,0
"P05517",65,"65-74",2024-10-03,2024-10-15,12,"control",2024-11-01,2024-11-28,28,0,0,2024-11-28,0
"P07376",72,"65-74",2024-10-31,2024-12-13,43,"risk",2024-11-01,2024-11-28,28,0,1,2024-11-28,0
"P05086",83,"75-84",2024-10-03,2024-10-15,12,"control",2024-11-01,2024-11-28,28,0,0,2024-11-28,0
"P13984",86,"85+",2024-10-03,2024-11-16,44,"control",2024-11-01,2024-11-28,28,1,0,2024-11-28,0
"P13671",94,"85+",2024-10-03,2024-10-19,16,"control",2024-11-01,2024-11-28,28,0,0,2024-11-28,0
"P19171",75,"75-84",2024-10-03,2024-10-22,19,"control",2024-11-01,2024-11-28,28,0,0,2024-11-28,0
"P18422",65,"65-74",2024-10-31,2024-12-08,38,"risk",2024-11-01,2024-11-28,28,0,1,2024-11-28,0
"P08235",71,"65-74",2024-10-03,2024-11-06,34,"control",2024-11-01,2024-11-28,28,1,0,2024-11-28,0
"P02627",69,"65-74",2024-10-03,2024-11-22,50,"control",2024-11-01,2024-11-28,28,1,0,2024-11-28,0
"P16268",66,"65-74",2024-10-03,2024-10-18,15,"control",2024-11-01,2024-11-28,28,0,0,2024-11-28,0
"P07694",84,"75-84",2024-10-03,2024-10-17,14,"control",2024-11-01,2024-11-28,28,0,0,2024-11-28,0
"P04741",68,"65-74",2024-10-03,2024-11-11,39,"control",2024-11-01,2024-11-28,28,1,0,2024-11-28,0
"P08077",68,"65-74",2024-11-01,2024-12-10,39,"risk",2024-11-02,2024-11-29,28,0,1,2024-11-29,0
"P08249",67,"65-74",2024-10-04,2024-11-07,34,"control",2024-11-02,2024-11-29,28,1,0,2024-11-29,0
"P07245",66,"65-74",2024-10-04,2024-10-29,25,"control",2024-11-02,2024-11-29,28,0,0,2024-11-29,0
"P05200",69,"65-74",2024-10-04,2024-11-02,29,"control",2024-11-02,2024-11-29,28,1,0,2024-11-29,0
"P04751",72,"65-74",2024-11-01,2024-11-18,17,"risk",2024-11-02,2024-11-29,28,1,1,2024-11-29,0
"P19172",69,"65-74",2024-10-04,2024-11-26,53,"control",2024-11-02,2024-11-29,28,1,0,2024-11-29,0
"P18788",66,"65-74",2024-10-04,2024-10-07,3,"control",2024-11-02,2024-11-29,28,0,0,2024-11-29,0
"P10194",83,"75-84",2024-10-04,2024-11-06,33,"control",2024-11-02,2024-11-29,28,1,0,2024-11-29,0
"P07058",65,"65-74",2024-10-04,2024-11-21,48,"control",2024-11-02,2024-11-29,28,1,0,2024-11-29,0
"P18427",73,"65-74",2024-11-02,2024-11-09,7,"risk",2024-11-03,2024-11-30,28,1,1,2024-11-30,0
"P02475",70,"65-74",2024-11-02,2024-11-24,22,"risk",2024-11-03,2024-11-30,28,1,1,2024-11-30,0
"P15651",78,"75-84",2024-10-05,2024-11-25,51,"control",2024-11-03,2024-11-30,28,1,0,2024-11-30,0
"P13936",91,"85+",2024-11-02,2024-11-26,24,"risk",2024-11-03,2024-11-30,28,1,1,2024-11-30,0
"P06539",66,"65-74",2024-10-05,2024-11-28,54,"control",2024-11-03,2024-11-30,28,1,0,2024-11-30,0
"P07862",72,"65-74",2024-10-05,2024-10-13,8,"control",2024-11-03,2024-11-30,28,0,0,2024-11-30,0
"P07337",71,"65-74",2024-10-05,2024-11-12,38,"control",2024-11-03,2024-11-30,28,1,0,2024-11-30,0
"P10938",78,"75-84",2024-11-02,2024-12-20,48,"risk",2024-11-03,2024-11-30,28,0,1,2024-11-30,0
"P16588",95,"85+",2024-10-05,2024-11-30,56,"control",2024-11-03,2024-11-30,28,1,0,2024-11-30,0
"P00570",74,"65-74",2024-10-06,2024-10-11,5,"control",2024-11-04,2024-12-01,28,0,0,2024-12-01,0
"P08440",69,"65-74",2024-11-03,2024-11-08,5,"risk",2024-11-04,2024-12-01,28,1,1,2024-12-01,0
"P07027",69,"65-74",2024-10-06,2024-10-10,4,"control",2024-11-04,2024-12-01,28,0,0,2024-12-01,0
"P00935",75,"65-74",2024-10-06,2024-11-10,35,"control",2024-11-04,2024-12-01,28,1,0,2024-12-01,0
"P16062",66,"65-74",2024-10-06,2024-10-11,5,"control",2024-11-04,2024-12-01,28,0,0,2024-12-01,0
"P19155",72,"65-74",2024-10-06,2024-10-30,24,"control",2024-11-04,2024-12-01,28,0,0,2024-12-01,0
"P16579",71,"65-74",2024-11-03,2024-12-27,54,"risk",2024-11-04,2024-12-01,28,0,1,2024-12-01,0
"P05615",74,"65-74",2024-10-06,2024-11-01,26,"control",2024-11-04,2024-12-01,28,0,0,2024-12-01,0
"P02058",66,"65-74",2024-11-03,2024-12-16,43,"risk",2024-11-04,2024-12-01,28,0,1,2024-12-01,0
"P09083",76,"75-84",2024-11-03,2024-12-03,30,"risk",2024-11-04,2024-12-01,28,0,1,2024-12-01,0
"P18445",79,"75-84",2024-11-03,2024-12-21,48,"risk",2024-11-04,2024-12-01,28,0,1,2024-12-01,0
"P04153",75,"65-74",2024-11-03,2024-12-17,44,"risk",2024-11-04,2024-12-01,28,0,1,2024-12-01,0
"P18801",70,"65-74",2024-11-04,2024-11-11,7,"risk",2024-11-05,2024-12-02,28,1,1,2024-12-02,0
"P06554",70,"65-74",2024-10-07,2024-11-29,53,"control",2024-11-05,2024-12-02,28,1,0,2024-12-02,0
"P11391",66,"65-74",2024-10-07,2024-10-17,10,"control",2024-11-05,2024-12-02,28,0,0,2024-12-02,0
"P01035",72,"65-74",2024-11-04,2024-11-05,1,"risk",2024-11-05,2024-12-02,28,1,1,2024-12-02,0
"P19200",68,"65-74",2024-11-04,2024-12-23,49,"risk",2024-11-05,2024-12-02,28,0,1,2024-12-02,0
"P06003",71,"65-74",2024-11-04,2024-11-28,24,"risk",2024-11-05,2024-12-02,28,1,1,2024-12-02,0
"P09883",72,"65-74",2024-10-07,2024-11-13,37,"control",2024-11-05,2024-12-02,28,1,0,2024-12-02,0
"P17902",75,"65-74",2024-11-04,2024-12-13,39,"risk",2024-11-05,2024-12-02,28,0,1,2024-12-02,0
"P06971",71,"65-74",2024-10-07,2024-10-17,10,"control",2024-11-05,2024-12-02,28,0,0,2024-12-02,0
"P11083",84,"75-84",2024-11-04,2024-11-26,22,"risk",2024-11-05,2024-12-02,28,1,1,2024-12-02,0
"P01002",81,"75-84",2024-10-08,2024-10-13,5,"control",2024-11-06,2024-12-03,28,0,0,2024-12-03,0
"P08472",75,"75-84",2024-10-08,2024-11-02,25,"control",2024-11-06,2024-12-03,28,0,0,2024-12-03,0
"P06661",72,"65-74",2024-11-05,2024-12-19,44,"risk",2024-11-06,2024-12-03,28,0,1,2024-12-03,0
"P00397",71,"65-74",2024-10-08,2024-10-21,13,"control",2024-11-06,2024-12-03,28,0,0,2024-12-03,0
"P03965",71,"65-74",2024-10-08,2024-10-28,20,"control",2024-11-06,2024-12-03,28,0,0,2024-12-03,0
"P13926",69,"65-74",2024-11-06,2024-12-17,41,"risk",2024-11-07,2024-12-04,28,0,1,2024-12-04,0
"P18846",78,"75-84",2024-11-06,2024-12-03,27,"risk",2024-11-07,2024-12-04,28,1,1,2024-12-04,0
"P09361",75,"65-74",2024-10-09,2024-10-16,7,"control",2024-11-07,2024-12-04,28,0,0,2024-12-04,0
"P02762",74,"65-74",2024-10-09,2024-10-27,18,"control",2024-11-07,2024-12-04,28,0,0,2024-12-04,0
"P19452",78,"75-84",2024-11-06,2024-11-23,17,"risk",2024-11-07,2024-12-04,28,1,1,2024-12-04,0
"P04748",66,"65-74",2024-10-09,2024-11-21,43,"control",2024-11-07,2024-12-04,28,1,0,2024-12-04,0
"P14735",74,"65-74",2024-10-09,2024-10-25,16,"control",2024-11-07,2024-12-04,28,0,0,2024-12-04,0
"P19213",72,"65-74",2024-11-07,2024-12-20,43,"risk",2024-11-08,2024-12-05,28,0,1,2024-12-05,0
"P03682",74,"65-74",2024-11-07,2024-12-05,28,"risk",2024-11-08,2024-12-05,28,1,1,2024-12-05,0
"P02002",76,"75-84",2024-11-07,2024-11-26,19,"risk",2024-11-08,2024-12-05,28,1,1,2024-12-05,0
"P03315",73,"65-74",2024-11-07,2024-12-13,36,"risk",2024-11-08,2024-12-05,28,0,1,2024-12-05,0
"P11999",67,"65-74",2024-11-07,2024-12-06,29,"risk",2024-11-08,2024-12-05,28,0,1,2024-12-05,0
"P00623",67,"65-74",2024-10-10,2024-11-20,41,"control",2024-11-08,2024-12-05,28,1,0,2024-12-05,0
"P03370",81,"75-84",2024-10-10,2024-10-11,1,"control",2024-11-08,2024-12-05,28,0,0,2024-12-05,0
"P05671",68,"65-74",2024-10-11,2024-10-26,15,"control",2024-11-09,2024-12-06,28,0,0,2024-12-06,0
"P10868",82,"75-84",2024-11-08,2024-12-30,52,"risk",2024-11-09,2024-12-06,28,0,1,2024-12-06,0
"P11739",94,"85+",2024-10-11,2024-12-04,54,"control",2024-11-09,2024-12-06,28,1,0,2024-12-06,0
"P14180",86,"85+",2024-11-08,2024-12-16,38,"risk",2024-11-09,2024-12-06,28,0,1,2024-12-06,0
"P06865",71,"65-74",2024-11-09,2024-11-12,3,"risk",2024-11-10,2024-12-07,28,1,1,2024-12-07,0
"P04356",71,"65-74",2024-10-12,2024-10-25,13,"control",2024-11-10,2024-12-07,28,0,0,2024-12-07,0
"P07488",78,"75-84",2024-10-12,2024-11-25,44,"control",2024-11-10,2024-12-07,28,1,0,2024-12-07,0
"P16267",67,"65-74",2024-10-12,2024-10-13,1,"control",2024-11-10,2024-12-07,28,0,0,2024-12-07,0
"P18734",75,"65-74",2024-11-09,2024-11-22,13,"risk",2024-11-10,2024-12-07,28,1,1,2024-12-07,0
"P09413",78,"75-84",2024-11-09,2024-11-13,4,"risk",2024-11-10,2024-12-07,28,1,1,2024-12-07,0
"P13743",72,"65-74",2024-10-12,2024-11-27,46,"control",2024-11-10,2024-12-07,28,1,0,2024-12-07,0
"P15755",69,"65-74",2024-10-12,2024-11-27,46,"control",2024-11-10,2024-12-07,28,1,0,2024-12-07,0
"P16491",65,"65-74",2024-10-13,2024-11-21,39,"control",2024-11-11,2024-12-08,28,1,0,2024-12-08,0
"P05071",65,"65-74",2024-10-13,2024-10-22,9,"control",2024-11-11,2024-12-08,28,0,0,2024-12-08,0
"P10504",70,"65-74",2024-11-10,2024-12-17,37,"risk",2024-11-11,2024-12-08,28,0,1,2024-12-08,0
"P02051",68,"65-74",2024-10-13,2024-10-30,17,"control",2024-11-11,2024-12-08,28,0,0,2024-12-08,0
"P03434",71,"65-74",2024-10-13,2024-11-07,25,"control",2024-11-11,2024-12-08,28,0,0,2024-12-08,0
"P00152",65,"65-74",2024-10-13,2024-11-12,30,"control",2024-11-11,2024-12-08,28,1,0,2024-12-08,0
"P12687",72,"65-74",2024-10-13,2024-11-09,27,"control",2024-11-11,2024-12-08,28,0,0,2024-12-08,0
"P13118",75,"75-84",2024-11-11,2024-11-25,14,"risk",2024-11-12,2024-12-09,28,1,1,2024-12-09,0
"P10963",79,"75-84",2024-11-11,2024-12-14,33,"risk",2024-11-12,2024-12-09,28,0,1,2024-12-09,0
"P05306",69,"65-74",2024-10-14,2024-11-15,32,"control",2024-11-12,2024-12-09,28,1,0,2024-12-09,0
"P11286",84,"75-84",2024-10-14,2024-10-26,12,"control",2024-11-12,2024-12-09,28,0,0,2024-12-09,0
"P18419",79,"75-84",2024-10-14,2024-11-17,34,"control",2024-11-12,2024-12-09,28,1,0,2024-12-09,0
"P16138",72,"65-74",2024-10-14,2024-12-02,49,"control",2024-11-12,2024-12-09,28,1,0,2024-12-09,0
"P15890",66,"65-74",2024-10-14,2024-11-08,25,"control",2024-11-12,2024-12-09,28,0,0,2024-12-09,0
"P04358",73,"65-74",2024-10-14,2024-11-20,37,"control",2024-11-12,2024-12-09,28,1,0,2024-12-09,0
"P19286",72,"65-74",2024-11-11,2024-11-18,7,"risk",2024-11-12,2024-12-09,28,1,1,2024-12-09,0
"P11906",66,"65-74",2024-11-12,2025-01-02,51,"risk",2024-11-13,2024-12-10,28,0,1,2024-12-10,1
"P07268",81,"75-84",2024-11-12,2024-12-01,19,"risk",2024-11-13,2024-12-10,28,1,1,2024-12-10,1
"P08248",75,"75-84",2024-10-15,2024-10-25,10,"control",2024-11-13,2024-12-10,28,0,0,2024-12-10,1
"P05330",82,"75-84",2024-11-12,2024-12-01,19,"risk",2024-11-13,2024-12-10,28,1,1,2024-12-10,1
"P18967",91,"85+",2024-10-15,2024-11-06,22,"control",2024-11-13,2024-12-10,28,0,0,2024-12-10,1
"P10788",73,"65-74",2024-11-12,2024-11-24,12,"risk",2024-11-13,2024-12-10,28,1,1,2024-12-10,1
"P01390",68,"65-74",2024-11-13,2024-12-01,18,"risk",2024-11-14,2024-12-11,28,1,1,2024-12-11,1
"P07588",75,"65-74",2024-10-16,2024-10-19,3,"control",2024-11-14,2024-12-11,28,0,0,2024-12-11,1
"P01050",72,"65-74",2024-11-13,2025-01-03,51,"risk",2024-11-14,2024-12-11,28,0,1,2024-12-11,1
"P04801",66,"65-74",2024-10-16,2024-11-01,16,"control",2024-11-14,2024-12-11,28,0,0,2024-12-11,1
"P00174",71,"65-74",2024-10-16,2024-10-24,8,"control",2024-11-14,2024-12-11,28,0,0,2024-12-11,1
"P18166",66,"65-74",2024-10-16,2024-10-28,12,"control",2024-11-14,2024-12-11,28,0,0,2024-12-11,1
"P19033",70,"65-74",2024-11-13,2024-12-02,19,"risk",2024-11-14,2024-12-11,28,1,1,2024-12-11,1
"P03281",69,"65-74",2024-11-13,2025-01-08,56,"risk",2024-11-14,2024-12-11,28,0,1,2024-12-11,1
"P10964",85,"75-84",2024-10-16,2024-11-03,18,"control",2024-11-14,2024-12-11,28,0,0,2024-12-11,1
"P02872",83,"75-84",2024-11-14,2024-11-25,11,"risk",2024-11-15,2024-12-12,28,1,1,2024-12-12,1
"P10651",71,"65-74",2024-10-17,2024-11-23,37,"control",2024-11-15,2024-12-12,28,1,0,2024-12-12,1
"P15086",69,"65-74",2024-10-17,2024-11-11,25,"control",2024-11-15,2024-12-12,28,0,0,2024-12-12,1
"P04136",80,"75-84",2024-10-17,2024-10-29,12,"control",2024-11-15,2024-12-12,28,0,0,2024-12-12,1
"P02115",70,"65-74",2024-11-14,2024-12-17,33,"risk",2024-11-15,2024-12-12,28,0,1,2024-12-12,1
"P15218",71,"65-74",2024-10-17,2024-10-27,10,"control",2024-11-15,2024-12-12,28,0,0,2024-12-12,1
"P19838",78,"75-84",2024-10-17,2024-11-24,38,"control",2024-11-15,2024-12-12,28,1,0,2024-12-12,1
"P05342",79,"75-84",2024-10-17,2024-11-05,19,"control",2024-11-15,2024-12-12,28,0,0,2024-12-12,1
"P03621",83,"75-84",2024-10-17,2024-11-30,44,"control",2024-11-15,2024-12-12,28,1,0,2024-12-12,1
"P00645",83,"75-84",2024-10-18,2024-11-16,29,"control",2024-11-16,2024-12-13,28,1,0,2024-12-13,1
"P12145",74,"65-74",2024-11-16,2024-12-03,17,"risk",2024-11-17,2024-12-14,28,1,1,2024-12-14,1
"P17185",65,"65-74",2024-10-19,2024-11-04,16,"control",2024-11-17,2024-12-14,28,0,0,2024-12-14,1
"P09294",75,"65-74",2024-11-16,2024-12-03,17,"risk",2024-11-17,2024-12-14,28,1,1,2024-12-14,1
"P14864",73,"65-74",2024-11-16,2024-12-02,16,"risk",2024-11-17,2024-12-14,28,1,1,2024-12-14,1
"P07963",79,"75-84",2024-11-16,2024-12-14,28,"risk",2024-11-17,2024-12-14,28,1,1,2024-12-14,1
"P18571",75,"65-74",2024-11-16,2024-12-02,16,"risk",2024-11-17,2024-12-14,28,1,1,2024-12-14,1
"P18352",81,"75-84",2024-11-16,2024-12-18,32,"risk",2024-11-17,2024-12-14,28,0,1,2024-12-14,1
"P17112",65,"65-74",2024-11-17,2025-01-12,56,"risk",2024-11-18,2024-12-15,28,0,1,2024-12-15,1
"P09409",84,"75-84",2024-10-21,2024-12-11,51,"control",2024-11-19,2024-12-16,28,1,0,2024-12-16,1
"P19589",87,"85+",2024-11-18,2025-01-01,44,"risk",2024-11-19,2024-12-16,28,0,1,2024-12-16,1
"P17282",72,"65-74",2024-10-21,2024-10-28,7,"control",2024-11-19,2024-12-16,28,0,0,2024-12-16,1
"P13310",78,"75-84",2024-10-21,2024-12-12,52,"control",2024-11-19,2024-12-16,28,1,0,2024-12-16,1
"P00496",74,"65-74",2024-11-18,2024-12-30,42,"risk",2024-11-19,2024-12-16,28,0,1,2024-12-16,1
"P06416",72,"65-74",2024-10-21,2024-12-05,45,"control",2024-11-19,2024-12-16,28,1,0,2024-12-16,1
"P06964",69,"65-74",2024-10-22,2024-11-29,38,"control",2024-11-20,2024-12-17,28,1,0,2024-12-17,1
"P12653",85,"85+",2024-11-19,2024-12-15,26,"risk",2024-11-20,2024-12-17,28,1,1,2024-12-17,1
"P05667",69,"65-74",2024-10-22,2024-10-26,4,"control",2024-11-20,2024-12-17,28,0,0,2024-12-17,1
"P02691",69,"65-74",2024-10-22,2024-11-06,15,"control",2024-11-20,2024-12-17,28,0,0,2024-12-17,1
"P18177",70,"65-74",2024-10-22,2024-10-28,6,"control",2024-11-20,2024-12-17,28,0,0,2024-12-17,1
"P16675",68,"65-74",2024-10-22,2024-10-28,6,"control",2024-11-20,2024-12-17,28,0,0,2024-12-17,1
"P16683",72,"65-74",2024-10-23,2024-11-26,34,"control",2024-11-21,2024-12-18,28,1,0,2024-12-18,1
"P03012",70,"65-74",2024-10-23,2024-12-18,56,"control",2024-11-21,2024-12-18,28,1,0,2024-12-18,1
"P15283",66,"65-74",2024-10-23,2024-11-20,28,"control",2024-11-21,2024-12-18,28,0,0,2024-12-18,1
"P00608",82,"75-84",2024-10-23,2024-11-01,9,"control",2024-11-21,2024-12-18,28,0,0,2024-12-18,1
"P04755",84,"75-84",2024-10-23,2024-11-20,28,"control",2024-11-21,2024-12-18,28,0,0,2024-12-18,1
"P03256",70,"65-74",2024-11-20,2024-12-10,20,"risk",2024-11-21,2024-12-18,28,1,1,2024-12-18,1
"P02555",81,"75-84",2024-10-24,2024-11-12,19,"control",2024-11-22,2024-12-19,28,0,0,2024-12-19,1
"P17406",74,"65-74",2024-10-24,2024-11-22,29,"control",2024-11-22,2024-12-19,28,1,0,2024-12-19,1
"P14405",78,"75-84",2024-10-24,2024-12-17,54,"control",2024-11-22,2024-12-19,28,1,0,2024-12-19,1
"P04119",71,"65-74",2024-10-24,2024-12-18,55,"control",2024-11-22,2024-12-19,28,1,0,2024-12-19,1
"P04848",80,"75-84",2024-10-24,2024-11-15,22,"control",2024-11-22,2024-12-19,28,0,0,2024-12-19,1
"P05549",79,"75-84",2024-10-24,2024-12-08,45,"control",2024-11-22,2024-12-19,28,1,0,2024-12-19,1
"P01626",71,"65-74",2024-11-22,2024-12-13,21,"risk",2024-11-23,2024-12-20,28,1,1,2024-12-20,1
"P15525",84,"75-84",2024-10-25,2024-11-03,9,"control",2024-11-23,2024-12-20,28,0,0,2024-12-20,1
"P09553",77,"75-84",2024-10-25,2024-12-04,40,"control",2024-11-23,2024-12-20,28,1,0,2024-12-20,1
"P05069",93,"85+",2024-10-25,2024-11-09,15,"control",2024-11-23,2024-12-20,28,0,0,2024-12-20,1
"P11795",68,"65-74",2024-10-25,2024-11-12,18,"control",2024-11-23,2024-12-20,28,0,0,2024-12-20,1
"P01289",74,"65-74",2024-10-25,2024-12-06,42,"control",2024-11-23,2024-12-20,28,1,0,2024-12-20,1
"P12563",69,"65-74",2024-10-26,2024-11-19,24,"control",2024-11-24,2024-12-21,28,0,0,2024-12-21,1
"P05234",79,"75-84",2024-11-23,2024-12-28,35,"risk",2024-11-24,2024-12-21,28,0,1,2024-12-21,1
"P01787",72,"65-74",2024-10-26,2024-12-07,42,"control",2024-11-24,2024-12-21,28,1,0,2024-12-21,1
"P08031",83,"75-84",2024-10-26,2024-12-13,48,"control",2024-11-24,2024-12-21,28,1,0,2024-12-21,1
"P10676",66,"65-74",2024-11-23,2024-12-02,9,"risk",2024-11-24,2024-12-21,28,1,1,2024-12-21,1
"P04765",82,"75-84",2024-10-26,2024-11-24,29,"control",2024-11-24,2024-12-21,28,1,0,2024-12-21,1
"P11664",66,"65-74",2024-11-23,2025-01-17,55,"risk",2024-11-24,2024-12-21,28,0,1,2024-12-21,1
"P02513",69,"65-74",2024-10-26,2024-11-02,7,"control",2024-11-24,2024-12-21,28,0,0,2024-12-21,1
"P09426",74,"65-74",2024-10-27,2024-12-17,51,"control",2024-11-25,2024-12-22,28,1,0,2024-12-22,1
"P01754",95,"85+",2024-10-27,2024-12-12,46,"control",2024-11-25,2024-12-22,28,1,0,2024-12-22,1
"P05034",70,"65-74",2024-11-24,2024-12-23,29,"risk",2024-11-25,2024-12-22,28,0,1,2024-12-22,1
"P01922",65,"65-74",2024-11-24,2024-12-23,29,"risk",2024-11-25,2024-12-22,28,0,1,2024-12-22,1
"P01917",73,"65-74",2024-10-28,2024-11-27,30,"control",2024-11-26,2024-12-23,28,1,0,2024-12-23,1
"P17022",71,"65-74",2024-11-25,2025-01-12,48,"risk",2024-11-26,2024-12-23,28,0,1,2024-12-23,1
"P10403",66,"65-74",2024-11-25,2025-01-03,39,"risk",2024-11-26,2024-12-23,28,0,1,2024-12-23,1
"P06784",88,"85+",2024-10-28,2024-12-13,46,"control",2024-11-26,2024-12-23,28,1,0,2024-12-23,1
"P17908",93,"85+",2024-10-28,2024-12-10,43,"control",2024-11-26,2024-12-23,28,1,0,2024-12-23,1
"P10522",78,"75-84",2024-11-25,2024-12-28,33,"risk",2024-11-26,2024-12-23,28,0,1,2024-12-23,1
"P17740",67,"65-74",2024-11-25,2024-12-14,19,"risk",2024-11-26,2024-12-23,28,1,1,2024-12-23,1
"P01668",81,"75-84",2024-10-28,2024-12-08,41,"control",2024-11-26,2024-12-23,28,1,0,2024-12-23,1
"P15538",67,"65-74",2024-10-29,2024-11-16,18,"control",2024-11-27,2024-12-24,28,0,0,2024-12-24,2
"P10301",74,"65-74",2024-10-29,2024-12-02,34,"control",2024-11-27,2024-12-24,28,1,0,2024-12-24,2
"P00518",65,"65-74",2024-10-29,2024-11-14,16,"control",2024-11-27,2024-12-24,28,0,0,2024-12-24,2
"P02173",74,"65-74",2024-11-26,2024-12-27,31,"risk",2024-11-27,2024-12-24,28,0,1,2024-12-24,2
"P14048",84,"75-84",2024-11-27,2024-12-30,33,"risk",2024-11-28,2024-12-25,28,0,1,2024-12-25,2
"P09198",73,"65-74",2024-10-30,2024-11-26,27,"control",2024-11-28,2024-12-25,28,0,0,2024-12-25,2
"P15416",75,"65-74",2024-10-30,2024-11-16,17,"control",2024-11-28,2024-12-25,28,0,0,2024-12-25,2
"P14216",68,"65-74",2024-11-27,2024-12-12,15,"risk",2024-11-28,2024-12-25,28,1,1,2024-12-25,2
"P06085",77,"75-84",2024-11-27,2024-12-30,33,"risk",2024-11-28,2024-12-25,28,0,1,2024-12-25,2
"P09037",78,"75-84",2024-10-30,2024-12-23,54,"control",2024-11-28,2024-12-25,28,1,0,2024-12-25,2
"P14028",74,"65-74",2024-11-27,2024-12-10,13,"risk",2024-11-28,2024-12-25,28,1,1,2024-12-25,2
"P03141",90,"85+",2024-10-31,2024-11-13,13,"control",2024-11-29,2024-12-26,28,0,0,2024-12-26,2
"P13471",70,"65-74",2024-10-31,2024-11-19,19,"control",2024-11-29,2024-12-26,28,0,0,2024-12-26,2
"P10257",66,"65-74",2024-10-31,2024-11-18,18,"control",2024-11-29,2024-12-26,28,0,0,2024-12-26,2
"P07376",72,"65-74",2024-10-31,2024-12-13,43,"control",2024-11-29,2024-12-26,28,1,0,2024-12-26,2
"P08470",80,"75-84",2024-11-28,2024-12-24,26,"risk",2024-11-29,2024-12-26,28,1,1,2024-12-26,2
"P18422",65,"65-74",2024-10-31,2024-12-08,38,"control",2024-11-29,2024-12-26,28,1,0,2024-12-26,2
"P08077",68,"65-74",2024-11-01,2024-12-10,39,"control",2024-11-30,2024-12-27,28,1,0,2024-12-27,2
"P16324",68,"65-74",2024-11-29,2024-12-15,16,"risk",2024-11-30,2024-12-27,28,1,1,2024-12-27,2
"P04751",72,"65-74",2024-11-01,2024-11-18,17,"control",2024-11-30,2024-12-27,28,0,0,2024-12-27,2
"P03212",71,"65-74",2024-11-29,2024-12-25,26,"risk",2024-11-30,2024-12-27,28,1,1,2024-12-27,2
"P10291",68,"65-74",2024-11-29,2024-12-14,15,"risk",2024-11-30,2024-12-27,28,1,1,2024-12-27,2
"P18427",73,"65-74",2024-11-02,2024-11-09,7,"control",2024-12-01,2024-12-28,28,0,0,2024-12-28,2
"P02475",70,"65-74",2024-11-02,2024-11-24,22,"control",2024-12-01,2024-12-28,28,0,0,2024-12-28,2
"P13936",91,"85+",2024-11-02,2024-11-26,24,"control",2024-12-01,2024-12-28,28,0,0,2024-12-28,2
"P10938",78,"75-84",2024-11-02,2024-12-20,48,"control",2024-12-01,2024-12-28,28,1,0,2024-12-28,2
"P08440",69,"65-74",2024-11-03,2024-11-08,5,"control",2024-12-02,2024-12-29,28,0,0,2024-12-29,2
"P13593",82,"75-84",2024-12-01,2025-01-25,55,"risk",2024-12-02,2024-12-29,28,0,1,2024-12-29,2
"P16579",71,"65-74",2024-11-03,2024-12-27,54,"control",2024-12-02,2024-12-29,28,1,0,2024-12-29,2
"P02058",66,"65-74",2024-11-03,2024-12-16,43,"control",2024-12-02,2024-12-29,28,1,0,2024-12-29,2
"P09083",76,"75-84",2024-11-03,2024-12-03,30,"control",2024-12-02,2024-12-29,28,1,0,2024-12-29,2
"P18445",79,"75-84",2024-11-03,2024-12-21,48,"control",2024-12-02,2024-12-29,28,1,0,2024-12-29,2
"P04153",75,"65-74",2024-11-03,2024-12-17,44,"control",2024-12-02,2024-12-29,28,1,0,2024-12-29,2
"P18801",70,"65-74",2024-11-04,2024-11-11,7,"control",2024-12-03,2024-12-30,28,0,0,2024-12-30,2
"P01035",72,"65-74",2024-11-04,2024-11-05,1,"control",2024-12-03,2024-12-30,28,0,0,2024-12-30,2
"P19200",68,"65-74",2024-11-04,2024-12-23,49,"control",2024-12-03,2024-12-30,28,1,0,2024-12-30,2
"P06003",71,"65-74",2024-11-04,2024-11-28,24,"control",2024-12-03,2024-12-30,28,0,0,2024-12-30,2
"P15615",72,"65-74",2024-12-02,2024-12-08,6,"risk",2024-12-03,2024-12-30,28,1,1,2024-12-30,2
"P17902",75,"65-74",2024-11-04,2024-12-13,39,"control",2024-12-03,2024-12-30,28,1,0,2024-12-30,2
"P11083",84,"75-84",2024-11-04,2024-11-26,22,"control",2024-12-03,2024-12-30,28,0,0,2024-12-30,2
"P19989",83,"75-84",2024-12-03,2024-12-24,21,"risk",2024-12-04,2024-12-31,28,1,1,2024-12-31,2
"P06661",72,"65-74",2024-11-05,2024-12-19,44,"control",2024-12-04,2024-12-31,28,1,0,2024-12-31,2
"P17317",93,"85+",2024-12-03,2024-12-11,8,"risk",2024-12-04,2024-12-31,28,1,1,2024-12-31,2
"P13926",69,"65-74",2024-11-06,2024-12-17,41,"control",2024-12-05,2025-01-01,28,1,0,2025-01-01,2
"P18846",78,"75-84",2024-11-06,2024-12-03,27,"control",2024-12-05,2025-01-01,28,0,0,2025-01-01,2
"P19452",78,"75-84",2024-11-06,2024-11-23,17,"control",2024-12-05,2025-01-01,28,0,0,2025-01-01,2
"P07725",69,"65-74",2024-12-05,2025-01-10,36,"risk",2024-12-06,2025-01-02,28,0,1,2025-01-02,2
"P04302",81,"75-84",2024-12-05,2024-12-21,16,"risk",2024-12-06,2025-01-02,28,1,1,2025-01-02,2
"P19213",72,"65-74",2024-11-07,2024-12-20,43,"control",2024-12-06,2025-01-02,28,1,0,2025-01-02,2
"P11125",69,"65-74",2024-12-05,2025-01-09,35,"risk",2024-12-06,2025-01-02,28,0,1,2025-01-02,2
"P16534",67,"65-74",2024-12-05,2024-12-27,22,"risk",2024-12-06,2025-01-02,28,1,1,2025-01-02,2
"P03682",74,"65-74",2024-11-07,2024-12-05,28,"control",2024-12-06,2025-01-02,28,0,0,2025-01-02,2
"P17156",66,"65-74",2024-12-05,2025-01-06,32,"risk",2024-12-06,2025-01-02,28,0,1,2025-01-02,2
"P02002",76,"75-84",2024-11-07,2024-11-26,19,"control",2024-12-06,2025-01-02,28,0,0,2025-01-02,2
"P04676",69,"65-74",2024-12-05,2024-12-29,24,"risk",2024-12-06,2025-01-02,28,1,1,2025-01-02,2
"P03315",73,"65-74",2024-11-07,2024-12-13,36,"control",2024-12-06,2025-01-02,28,1,0,2025-01-02,2
"P09540",72,"65-74",2024-12-05,2025-01-26,52,"risk",2024-12-06,2025-01-02,28,0,1,2025-01-02,2
"P11999",67,"65-74",2024-11-07,2024-12-06,29,"control",2024-12-06,2025-01-02,28,1,0,2025-01-02,2
"P11639",84,"75-84",2024-12-05,2024-12-18,13,"risk",2024-12-06,2025-01-02,28,1,1,2025-01-02,2
"P02200",67,"65-74",2024-12-06,2024-12-25,19,"risk",2024-12-07,2025-01-03,28,1,1,2025-01-03,2
"P02514",67,"65-74",2024-12-06,2025-01-27,52,"risk",2024-12-07,2025-01-03,28,0,1,2025-01-03,2
"P08513",90,"85+",2024-12-06,2024-12-15,9,"risk",2024-12-07,2025-01-03,28,1,1,2025-01-03,2
"P10137",77,"75-84",2024-12-06,2024-12-21,15,"risk",2024-12-07,2025-01-03,28,1,1,2025-01-03,2
"P10868",82,"75-84",2024-11-08,2024-12-30,52,"control",2024-12-07,2025-01-03,28,1,0,2025-01-03,2
"P14180",86,"85+",2024-11-08,2024-12-16,38,"control",2024-12-07,2025-01-03,28,1,0,2025-01-03,2
"P06865",71,"65-74",2024-11-09,2024-11-12,3,"control",2024-12-08,2025-01-04,28,0,0,2025-01-04,2
"P18734",75,"65-74",2024-11-09,2024-11-22,13,"control",2024-12-08,2025-01-04,28,0,0,2025-01-04,2
"P09413",78,"75-84",2024-11-09,2024-11-13,4,"control",2024-12-08,2025-01-04,28,0,0,2025-01-04,2
"P18522",67,"65-74",2024-12-08,2025-01-20,43,"risk",2024-12-09,2025-01-05,28,0,1,2025-01-05,2
"P10504",70,"65-74",2024-11-10,2024-12-17,37,"control",2024-12-09,2025-01-05,28,1,0,2025-01-05,2
"P15688",65,"65-74",2024-12-08,2024-12-16,8,"risk",2024-12-09,2025-01-05,28,1,1,2025-01-05,2
"P14577",72,"65-74",2024-12-08,2025-01-18,41,"risk",2024-12-09,2025-01-05,28,0,1,2025-01-05,2
"P01095",71,"65-74",2024-12-08,2025-01-28,51,"risk",2024-12-09,2025-01-05,28,0,1,2025-01-05,2
"P07823",83,"75-84",2024-12-09,2024-12-26,17,"risk",2024-12-10,2025-01-06,28,1,1,2025-01-06,2
"P13118",75,"75-84",2024-11-11,2024-11-25,14,"control",2024-12-10,2025-01-06,28,0,0,2025-01-06,2
"P10963",79,"75-84",2024-11-11,2024-12-14,33,"control",2024-12-10,2025-01-06,28,1,0,2025-01-06,2
"P07607",71,"65-74",2024-12-09,2024-12-18,9,"risk",2024-12-10,2025-01-06,28,1,1,2025-01-06,2
"P00882",70,"65-74",2024-12-09,2024-12-19,10,"risk",2024-12-10,2025-01-06,28,1,1,2025-01-06,2
"P19286",72,"65-74",2024-11-11,2024-11-18,7,"control",2024-12-10,2025-01-06,28,0,0,2025-01-06,2
"P11906",66,"65-74",2024-11-12,2025-01-02,51,"control",2024-12-11,2025-01-07,28,1,0,2025-01-07,3
"P07268",81,"75-84",2024-11-12,2024-12-01,19,"control",2024-12-11,2025-01-07,28,0,0,2025-01-07,3
"P05330",82,"75-84",2024-11-12,2024-12-01,19,"control",2024-12-11,2025-01-07,28,0,0,2025-01-07,3
"P16989",73,"65-74",2024-12-10,2024-12-28,18,"risk",2024-12-11,2025-01-07,28,1,1,2025-01-07,3
"P06716",74,"65-74",2024-12-10,2025-01-16,37,"risk",2024-12-11,2025-01-07,28,0,1,2025-01-07,3
"P10788",73,"65-74",2024-11-12,2024-11-24,12,"control",2024-12-11,2025-01-07,28,0,0,2025-01-07,3
"P01390",68,"65-74",2024-11-13,2024-12-01,18,"control",2024-12-12,2025-01-08,28,0,0,2025-01-08,3
"P01050",72,"65-74",2024-11-13,2025-01-03,51,"control",2024-12-12,2025-01-08,28,1,0,2025-01-08,3
"P06228",82,"75-84",2024-12-11,2025-01-07,27,"risk",2024-12-12,2025-01-08,28,1,1,2025-01-08,3
"P19033",70,"65-74",2024-11-13,2024-12-02,19,"control",2024-12-12,2025-01-08,28,0,0,2025-01-08,3
"P03281",69,"65-74",2024-11-13,2025-01-08,56,"control",2024-12-12,2025-01-08,28,1,0,2025-01-08,3
"P02872",83,"75-84",2024-11-14,2024-11-25,11,"control",2024-12-13,2025-01-09,28,0,0,2025-01-09,3
"P03085",67,"65-74",2024-12-12,2025-01-21,40,"risk",2024-12-13,2025-01-09,28,0,1,2025-01-09,3
"P14642",82,"75-84",2024-12-12,2025-02-04,54,"risk",2024-12-13,2025-01-09,28,0,1,2025-01-09,3
"P02115",70,"65-74",2024-11-14,2024-12-17,33,"control",2024-12-13,2025-01-09,28,1,0,2025-01-09,3
"P11904",68,"65-74",2024-12-13,2025-01-03,21,"risk",2024-12-14,2025-01-10,28,1,1,2025-01-10,3
"P12145",74,"65-74",2024-11-16,2024-12-03,17,"control",2024-12-15,2025-01-11,28,0,0,2025-01-11,3
"P00142",75,"75-84",2024-12-14,2024-12-15,1,"risk",2024-12-15,2025-01-11,28,1,1,2025-01-11,3
"P09294",75,"65-74",2024-11-16,2024-12-03,17,"control",2024-12-15,2025-01-11,28,0,0,2025-01-11,3
"P14864",73,"65-74",2024-11-16,2024-12-02,16,"control",2024-12-15,2025-01-11,28,0,0,2025-01-11,3
"P07963",79,"75-84",2024-11-16,2024-12-14,28,"control",2024-12-15,2025-01-11,28,0,0,2025-01-11,3
"P18571",75,"65-74",2024-11-16,2024-12-02,16,"control",2024-12-15,2025-01-11,28,0,0,2025-01-11,3
"P18352",81,"75-84",2024-11-16,2024-12-18,32,"control",2024-12-15,2025-01-11,28,1,0,2025-01-11,3
"P04533",66,"65-74",2024-12-15,2025-01-11,27,"risk",2024-12-16,2025-01-12,28,1,1,2025-01-12,3
"P17112",65,"65-74",2024-11-17,2025-01-12,56,"control",2024-12-16,2025-01-12,28,1,0,2025-01-12,3
"P13817",65,"65-74",2024-12-15,2025-02-04,51,"risk",2024-12-16,2025-01-12,28,0,1,2025-01-12,3
"P19589",87,"85+",2024-11-18,2025-01-01,44,"control",2024-12-17,2025-01-13,28,1,0,2025-01-13,3
"P15677",74,"65-74",2024-12-16,2024-12-24,8,"risk",2024-12-17,2025-01-13,28,1,1,2025-01-13,3
"P00496",74,"65-74",2024-11-18,2024-12-30,42,"control",2024-12-17,2025-01-13,28,1,0,2025-01-13,3
"P12653",85,"85+",2024-11-19,2024-12-15,26,"control",2024-12-18,2025-01-14,28,0,0,2025-01-14,3
"P16832",90,"85+",2024-12-17,2025-01-27,41,"risk",2024-12-18,2025-01-14,28,0,1,2025-01-14,3
"P19867",87,"85+",2024-12-18,2025-01-10,23,"risk",2024-12-19,2025-01-15,28,1,1,2025-01-15,3
"P13241",67,"65-74",2024-12-18,2024-12-26,8,"risk",2024-12-19,2025-01-15,28,1,1,2025-01-15,3
"P03256",70,"65-74",2024-11-20,2024-12-10,20,"control",2024-12-19,2025-01-15,28,0,0,2025-01-15,3
"P19476",67,"65-74",2024-12-19,2025-01-14,26,"risk",2024-12-20,2025-01-16,28,1,1,2025-01-16,3
"P09976",83,"75-84",2024-12-19,2024-12-29,10,"risk",2024-12-20,2025-01-16,28,1,1,2025-01-16,3
"P01626",71,"65-74",2024-11-22,2024-12-13,21,"control",2024-12-21,2025-01-17,28,0,0,2025-01-17,3
"P11216",73,"65-74",2024-12-20,2024-12-21,1,"risk",2024-12-21,2025-01-17,28,1,1,2025-01-17,3
"P05686",74,"65-74",2024-12-21,2025-01-02,12,"risk",2024-12-22,2025-01-18,28,1,1,2025-01-18,3
"P05234",79,"75-84",2024-11-23,2024-12-28,35,"control",2024-12-22,2025-01-18,28,1,0,2025-01-18,3
"P09139",94,"85+",2024-12-21,2025-02-13,54,"risk",2024-12-22,2025-01-18,28,0,1,2025-01-18,3
"P11606",71,"65-74",2024-12-21,2025-01-17,27,"risk",2024-12-22,2025-01-18,28,1,1,2025-01-18,3
"P10676",66,"65-74",2024-11-23,2024-12-02,9,"control",2024-12-22,2025-01-18,28,0,0,2025-01-18,3
"P11664",66,"65-74",2024-11-23,2025-01-17,55,"control",2024-12-22,2025-01-18,28,1,0,2025-01-18,3
"P05034",70,"65-74",2024-11-24,2024-12-23,29,"control",2024-12-23,2025-01-19,28,1,0,2025-01-19,3
"P01922",65,"65-74",2024-11-24,2024-12-23,29,"control",2024-12-23,2025-01-19,28,1,0,2025-01-19,3
"P13083",66,"65-74",2024-12-22,2025-01-28,37,"risk",2024-12-23,2025-01-19,28,0,1,2025-01-19,3
"P02961",94,"85+",2024-12-23,2025-02-11,50,"risk",2024-12-24,2025-01-20,28,0,1,2025-01-20,3
"P01496",71,"65-74",2024-12-23,2024-12-24,1,"risk",2024-12-24,2025-01-20,28,1,1,2025-01-20,3
"P17022",71,"65-74",2024-11-25,2025-01-12,48,"control",2024-12-24,2025-01-20,28,1,0,2025-01-20,3
"P10403",66,"65-74",2024-11-25,2025-01-03,39,"control",2024-12-24,2025-01-20,28,1,0,2025-01-20,3
"P10522",78,"75-84",2024-11-25,2024-12-28,33,"control",2024-12-24,2025-01-20,28,1,0,2025-01-20,3
"P17740",67,"65-74",2024-11-25,2024-12-14,19,"control",2024-12-24,2025-01-20,28,0,0,2025-01-20,3
"P13077",70,"65-74",2024-12-23,2025-01-30,38,"risk",2024-12-24,2025-01-20,28,0,1,2025-01-20,3
"P00294",73,"65-74",2024-12-24,2025-01-29,36,"risk",2024-12-25,2025-01-21,28,0,1,2025-01-21,4
"P02173",74,"65-74",2024-11-26,2024-12-27,31,"control",2024-12-25,2025-01-21,28,1,0,2025-01-21,4
"P14048",84,"75-84",2024-11-27,2024-12-30,33,"control",2024-12-26,2025-01-22,28,1,0,2025-01-22,4
"P13206",76,"75-84",2024-12-25,2024-12-27,2,"risk",2024-12-26,2025-01-22,28,1,1,2025-01-22,4
"P14216",68,"65-74",2024-11-27,2024-12-12,15,"control",2024-12-26,2025-01-22,28,0,0,2025-01-22,4
"P06085",77,"75-84",2024-11-27,2024-12-30,33,"control",2024-12-26,2025-01-22,28,1,0,2025-01-22,4
"P14028",74,"65-74",2024-11-27,2024-12-10,13,"control",2024-12-26,2025-01-22,28,0,0,2025-01-22,4
"P08470",80,"75-84",2024-11-28,2024-12-24,26,"control",2024-12-27,2025-01-23,28,0,0,2025-01-23,4
"P06290",71,"65-74",2024-12-27,2024-12-29,2,"risk",2024-12-28,2025-01-24,28,1,1,2025-01-24,4
"P16324",68,"65-74",2024-11-29,2024-12-15,16,"control",2024-12-28,2025-01-24,28,0,0,2025-01-24,4
"P08051",75,"75-84",2024-12-27,2025-02-02,37,"risk",2024-12-28,2025-01-24,28,0,1,2025-01-24,4
"P03212",71,"65-74",2024-11-29,2024-12-25,26,"control",2024-12-28,2025-01-24,28,0,0,2025-01-24,4
"P10291",68,"65-74",2024-11-29,2024-12-14,15,"control",2024-12-28,2025-01-24,28,0,0,2025-01-24,4
"P13593",82,"75-84",2024-12-01,2025-01-25,55,"control",2024-12-30,2025-01-26,28,1,0,2025-01-26,4
"P15740",68,"65-74",2024-12-29,2025-01-19,21,"risk",2024-12-30,2025-01-26,28,1,1,2025-01-26,4
"P13754",93,"85+",2024-12-29,2025-02-16,49,"risk",2024-12-30,2025-01-26,28,0,1,2025-01-26,4
"P15615",72,"65-74",2024-12-02,2024-12-08,6,"control",2024-12-31,2025-01-27,28,0,0,2025-01-27,4
"P05800",69,"65-74",2024-12-30,2025-01-06,7,"risk",2024-12-31,2025-01-27,28,1,1,2025-01-27,4
"P19989",83,"75-84",2024-12-03,2024-12-24,21,"control",2025-01-01,2025-01-28,28,0,0,2025-01-28,4
"P17317",93,"85+",2024-12-03,2024-12-11,8,"control",2025-01-01,2025-01-28,28,0,0,2025-01-28,4
"P07725",69,"65-74",2024-12-05,2025-01-10,36,"control",2025-01-03,2025-01-30,28,1,0,2025-01-30,4
"P04302",81,"75-84",2024-12-05,2024-12-21,16,"control",2025-01-03,2025-01-30,28,0,0,2025-01-30,4
"P13785",68,"65-74",2025-01-02,2025-01-03,1,"risk",2025-01-03,2025-01-30,28,1,1,2025-01-30,4
"P11125",69,"65-74",2024-12-05,2025-01-09,35,"control",2025-01-03,2025-01-30,28,1,0,2025-01-30,4
"P16534",67,"65-74",2024-12-05,2024-12-27,22,"control",2025-01-03,2025-01-30,28,0,0,2025-01-30,4
"P01840",66,"65-74",2025-01-02,2025-01-13,11,"risk",2025-01-03,2025-01-30,28,1,1,2025-01-30,4
"P05824",69,"65-74",2025-01-02,2025-01-21,19,"risk",2025-01-03,2025-01-30,28,1,1,2025-01-30,4
"P17156",66,"65-74",2024-12-05,2025-01-06,32,"control",2025-01-03,2025-01-30,28,1,0,2025-01-30,4
"P04676",69,"65-74",2024-12-05,2024-12-29,24,"control",2025-01-03,2025-01-30,28,0,0,2025-01-30,4
"P09540",72,"65-74",2024-12-05,2025-01-26,52,"control",2025-01-03,2025-01-30,28,1,0,2025-01-30,4
"P11639",84,"75-84",2024-12-05,2024-12-18,13,"control",2025-01-03,2025-01-30,28,0,0,2025-01-30,4
"P02200",67,"65-74",2024-12-06,2024-12-25,19,"control",2025-01-04,2025-01-31,28,0,0,2025-01-31,4
"P02514",67,"65-74",2024-12-06,2025-01-27,52,"control",2025-01-04,2025-01-31,28,1,0,2025-01-31,4
"P08513",90,"85+",2024-12-06,2024-12-15,9,"control",2025-01-04,2025-01-31,28,0,0,2025-01-31,4
"P10137",77,"75-84",2024-12-06,2024-12-21,15,"control",2025-01-04,2025-01-31,28,0,0,2025-01-31,4
"P19607",72,"65-74",2025-01-04,2025-01-05,1,"risk",2025-01-05,2025-02-01,28,1,1,2025-02-01,4
"P18522",67,"65-74",2024-12-08,2025-01-20,43,"control",2025-01-06,2025-02-02,28,1,0,2025-02-02,4
"P15688",65,"65-74",2024-12-08,2024-12-16,8,"control",2025-01-06,2025-02-02,28,0,0,2025-02-02,4
"P14577",72,"65-74",2024-12-08,2025-01-18,41,"control",2025-01-06,2025-02-02,28,1,0,2025-02-02,4
"P01095",71,"65-74",2024-12-08,2025-01-28,51,"control",2025-01-06,2025-02-02,28,1,0,2025-02-02,4
"P07823",83,"75-84",2024-12-09,2024-12-26,17,"control",2025-01-07,2025-02-03,28,0,0,2025-02-03,4
"P07607",71,"65-74",2024-12-09,2024-12-18,9,"control",2025-01-07,2025-02-03,28,0,0,2025-02-03,4
"P00882",70,"65-74",2024-12-09,2024-12-19,10,"control",2025-01-07,2025-02-03,28,0,0,2025-02-03,4
"P16989",73,"65-74",2024-12-10,2024-12-28,18,"control",2025-01-08,2025-02-04,28,0,0,2025-02-04,5
"P06716",74,"65-74",2024-12-10,2025-01-16,37,"control",2025-01-08,2025-02-04,28,1,0,2025-02-04,5
"P06228",82,"75-84",2024-12-11,2025-01-07,27,"control",2025-01-09,2025-02-05,28,0,0,2025-02-05,5
"P03085",67,"65-74",2024-12-12,2025-01-21,40,"control",2025-01-10,2025-02-06,28,1,0,2025-02-06,5
"P17519",68,"65-74",2025-01-09,2025-02-22,44,"risk",2025-01-10,2025-02-06,28,0,1,2025-02-06,5
"P14642",82,"75-84",2024-12-12,2025-02-04,54,"control",2025-01-10,2025-02-06,28,1,0,2025-02-06,5
"P10977",80,"75-84",2025-01-10,2025-03-04,53,"risk",2025-01-11,2025-02-07,28,0,1,2025-02-07,5
"P11904",68,"65-74",2024-12-13,2025-01-03,21,"control",2025-01-11,2025-02-07,28,0,0,2025-02-07,5
"P07993",88,"85+",2025-01-10,2025-01-30,20,"risk",2025-01-11,2025-02-07,28,1,1,2025-02-07,5
"P18484",73,"65-74",2025-01-10,2025-02-07,28,"risk",2025-01-11,2025-02-07,28,1,1,2025-02-07,5
"P00142",75,"75-84",2024-12-14,2024-12-15,1,"control",2025-01-12,2025-02-08,28,0,0,2025-02-08,5
"P09772",84,"75-84",2025-01-11,2025-01-27,16,"risk",2025-01-12,2025-02-08,28,1,1,2025-02-08,5
"P04533",66,"65-74",2024-12-15,2025-01-11,27,"control",2025-01-13,2025-02-09,28,0,0,2025-02-09,5
"P13817",65,"65-74",2024-12-15,2025-02-04,51,"control",2025-01-13,2025-02-09,28,1,0,2025-02-09,5
"P15677",74,"65-74",2024-12-16,2024-12-24,8,"control",2025-01-14,2025-02-10,28,0,0,2025-02-10,5
"P04070",85,"75-84",2025-01-14,2025-02-06,23,"risk",2025-01-15,2025-02-11,28,1,1,2025-02-11,5
"P16832",90,"85+",2024-12-17,2025-01-27,41,"control",2025-01-15,2025-02-11,28,1,0,2025-02-11,5
"P05218",79,"75-84",2025-01-15,2025-02-13,29,"risk",2025-01-16,2025-02-12,28,0,1,2025-02-12,5
"P19867",87,"85+",2024-12-18,2025-01-10,23,"control",2025-01-16,2025-02-12,28,0,0,2025-02-12,5
"P13241",67,"65-74",2024-12-18,2024-12-26,8,"control",2025-01-16,2025-02-12,28,0,0,2025-02-12,5
"P08398",72,"65-74",2025-01-15,2025-02-01,17,"risk",2025-01-16,2025-02-12,28,1,1,2025-02-12,5
"P19476",67,"65-74",2024-12-19,2025-01-14,26,"control",2025-01-17,2025-02-13,28,0,0,2025-02-13,5
"P05037",72,"65-74",2025-01-16,2025-01-19,3,"risk",2025-01-17,2025-02-13,28,1,1,2025-02-13,5
"P09976",83,"75-84",2024-12-19,2024-12-29,10,"control",2025-01-17,2025-02-13,28,0,0,2025-02-13,5
"P11216",73,"65-74",2024-12-20,2024-12-21,1,"control",2025-01-18,2025-02-14,28,0,0,2025-02-14,5
"P09005",83,"75-84",2025-01-17,2025-02-27,41,"risk",2025-01-18,2025-02-14,28,0,1,2025-02-14,5
"P05778",79,"75-84",2025-01-17,2025-02-18,32,"risk",2025-01-18,2025-02-14,28,0,1,2025-02-14,5
"P15652",82,"75-84",2025-01-17,2025-02-11,25,"risk",2025-01-18,2025-02-14,28,1,1,2025-02-14,5
"P05686",74,"65-74",2024-12-21,2025-01-02,12,"control",2025-01-19,2025-02-15,28,0,0,2025-02-15,5
"P09139",94,"85+",2024-12-21,2025-02-13,54,"control",2025-01-19,2025-02-15,28,1,0,2025-02-15,5
"P11606",71,"65-74",2024-12-21,2025-01-17,27,"control",2025-01-19,2025-02-15,28,0,0,2025-02-15,5
"P01186",77,"75-84",2025-01-18,2025-01-30,12,"risk",2025-01-19,2025-02-15,28,1,1,2025-02-15,5
"P13083",66,"65-74",2024-12-22,2025-01-28,37,"control",2025-01-20,2025-02-16,28,1,0,2025-02-16,5
"P02961",94,"85+",2024-12-23,2025-02-11,50,"control",2025-01-21,2025-02-17,28,1,0,2025-02-17,5
"P01496",71,"65-74",2024-12-23,2024-12-24,1,"control",2025-01-21,2025-02-17,28,0,0,2025-02-17,5
"P13077",70,"65-74",2024-12-23,2025-01-30,38,"control",2025-01-21,2025-02-17,28,1,0,2025-02-17,5
"P00294",73,"65-74",2024-12-24,2025-01-29,36,"control",2025-01-22,2025-02-18,28,1,0,2025-02-18,6
"P13206",76,"75-84",2024-12-25,2024-12-27,2,"control",2025-01-23,2025-02-19,28,0,0,2025-02-19,6
"P01365",92,"85+",2025-01-23,2025-02-18,26,"risk",2025-01-24,2025-02-20,28,1,1,2025-02-20,6
"P06290",71,"65-74",2024-12-27,2024-12-29,2,"control",2025-01-25,2025-02-21,28,0,0,2025-02-21,6
"P08051",75,"75-84",2024-12-27,2025-02-02,37,"control",2025-01-25,2025-02-21,28,1,0,2025-02-21,6
"P03264",72,"65-74",2025-01-26,2025-01-30,4,"risk",2025-01-27,2025-02-23,28,1,1,2025-02-23,6
"P15740",68,"65-74",2024-12-29,2025-01-19,21,"control",2025-01-27,2025-02-23,28,0,0,2025-02-23,6
"P13754",93,"85+",2024-12-29,2025-02-16,49,"control",2025-01-27,2025-02-23,28,1,0,2025-02-23,6
"P05800",69,"65-74",2024-12-30,2025-01-06,7,"control",2025-01-28,2025-02-24,28,0,0,2025-02-24,6
"P13785",68,"65-74",2025-01-02,2025-01-03,1,"control",2025-01-31,2025-02-27,28,0,0,2025-02-27,6
"P01840",66,"65-74",2025-01-02,2025-01-13,11,"control",2025-01-31,2025-02-27,28,0,0,2025-02-27,6
"P05824",69,"65-74",2025-01-02,2025-01-21,19,"control",2025-01-31,2025-02-27,28,0,0,2025-02-27,6
"P15994",78,"75-84",2025-01-30,2025-03-01,30,"risk",2025-01-31,2025-02-27,28,0,1,2025-02-27,6
"P02088",70,"65-74",2025-01-31,2025-03-08,36,"risk",2025-02-01,2025-02-28,28,0,1,2025-02-28,6
"P03587",85,"75-84",2025-02-01,2025-02-04,3,"risk",2025-02-02,2025-03-01,28,1,1,2025-03-01,6
"P19607",72,"65-74",2025-01-04,2025-01-05,1,"control",2025-02-02,2025-03-01,28,0,0,2025-03-01,6
"P01756",67,"65-74",2025-02-03,2025-03-21,46,"risk",2025-02-04,2025-03-03,28,0,1,2025-03-03,6
"P05323",88,"85+",2025-02-03,2025-03-11,36,"risk",2025-02-04,2025-03-03,28,0,1,2025-03-03,6
"P17519",68,"65-74",2025-01-09,2025-02-22,44,"control",2025-02-07,2025-03-06,28,1,0,2025-03-06,7
"P10977",80,"75-84",2025-01-10,2025-03-04,53,"control",2025-02-08,2025-03-07,28,1,0,2025-03-07,7
"P07993",88,"85+",2025-01-10,2025-01-30,20,"control",2025-02-08,2025-03-07,28,0,0,2025-03-07,7
"P18484",73,"65-74",2025-01-10,2025-02-07,28,"control",2025-02-08,2025-03-07,28,0,0,2025-03-07,7
"P09772",84,"75-84",2025-01-11,2025-01-27,16,"control",2025-02-09,2025-03-08,28,0,0,2025-03-08,7
"P04070",85,"75-84",2025-01-14,2025-02-06,23,"control",2025-02-12,2025-03-11,28,0,0,2025-03-11,7
"P05218",79,"75-84",2025-01-15,2025-02-13,29,"control",2025-02-13,2025-03-12,28,1,0,2025-03-12,7
"P08398",72,"65-74",2025-01-15,2025-02-01,17,"control",2025-02-13,2025-03-12,28,0,0,2025-03-12,7
"P05037",72,"65-74",2025-01-16,2025-01-19,3,"control",2025-02-14,2025-03-13,28,0,0,2025-03-13,7
"P09005",83,"75-84",2025-01-17,2025-02-27,41,"control",2025-02-15,2025-03-14,28,1,0,2025-03-14,7
"P05778",79,"75-84",2025-01-17,2025-02-18,32,"control",2025-02-15,2025-03-14,28,1,0,2025-03-14,7
"P15652",82,"75-84",2025-01-17,2025-02-11,25,"control",2025-02-15,2025-03-14,28,0,0,2025-03-14,7
"P01186",77,"75-84",2025-01-18,2025-01-30,12,"control",2025-02-16,2025-03-15,28,0,0,2025-03-15,7
"P01365",92,"85+",2025-01-23,2025-02-18,26,"control",2025-02-21,2025-03-20,28,0,0,2025-03-20,8
"P03264",72,"65-74",2025-01-26,2025-01-30,4,"control",2025-02-24,2025-03-23,28,0,0,2025-03-23,8
"P15994",78,"75-84",2025-01-30,2025-03-01,30,"control",2025-02-28,2025-03-27,28,1,0,2025-03-27,8
"P02088",70,"65-74",2025-01-31,2025-03-08,36,"control",2025-03-01,2025-03-28,28,1,0,2025-03-28,8
"P03587",85,"75-84",2025-02-01,2025-02-04,3,"control",2025-03-02,2025-03-29,28,0,0,2025-03-29,8
"P01756",67,"65-74",2025-02-03,2025-03-21,46,"control",2025-03-04,2025-03-31,28,1,0,2025-03-31,8
"P05323",88,"85+",2025-02-03,2025-03-11,36,"control",2025-03-04,2025-03-31,28,1,0,2025-03-31,8
