"patient_id","age_group","age","observation_start","vaccination_date","observation_end","risk_window_start","risk_window_end","control_window_start","control_window_end","risk_persontime","control_persontime","event_in_risk_window","event_date","days_to_event"
"P10342","75-84",76,2024-10-01,2024-10-11,2024-12-06,2024-10-12,2024-11-08,2024-11-09,2024-12-06,28,28,0,2024-11-20,40
"P02872","75-84",83,2024-10-01,2024-11-14,2025-01-09,2024-11-15,2024-12-12,2024-12-13,2025-01-09,28,28,0,2024-12-25,41
"P02555","75-84",81,2024-10-01,2024-10-24,2024-12-19,2024-10-25,2024-11-21,2024-11-22,2024-12-19,28,28,1,2024-10-31,7
"P12563","65-74",69,2024-10-01,2024-10-26,2024-12-21,2024-10-27,2024-11-23,2024-11-24,2024-12-21,28,28,0,2024-11-28,33
"P00570","65-74",74,2024-10-01,2024-10-06,2024-12-01,2024-10-07,2024-11-03,2024-11-04,2024-12-01,28,28,1,2024-10-27,21
"P08440","65-74",69,2024-10-01,2024-11-03,2024-12-29,2024-11-04,2024-12-01,2024-12-02,2024-12-29,28,28,1,2024-11-26,23
"P16491","65-74",65,2024-10-01,2024-10-13,2024-12-08,2024-10-14,2024-11-10,2024-11-11,2024-12-08,28,28,1,2024-10-27,14
"P01756","65-74",67,2024-10-01,2025-02-03,2025-03-31,2025-02-04,2025-03-03,2025-03-04,2025-03-31,28,28,1,2025-02-18,15
"P18427","65-74",73,2024-10-01,2024-11-02,2024-12-28,2024-11-03,2024-11-30,2024-12-01,2024-12-28,28,28,1,2024-11-06,4
"P07027","65-74",69,2024-10-01,2024-10-06,2024-12-01,2024-10-07,2024-11-03,2024-11-04,2024-12-01,28,28,0,2024-11-15,40
"P03141","85+",90,2024-10-01,2024-10-31,2024-12-26,2024-11-01,2024-11-28,2024-11-29,2024-12-26,28,28,1,2024-11-11,11
"P13926","65-74",69,2024-10-01,2024-11-06,2025-01-01,2024-11-07,2024-12-04,2024-12-05,2025-01-01,28,28,1,2024-11-25,19
"P13593","75-84",82,2024-10-01,2024-12-01,2025-01-26,2024-12-02,2024-12-29,2024-12-30,2025-01-26,28,28,1,2024-12-19,18
"P08077","65-74",68,2024-10-01,2024-11-01,2024-12-27,2024-11-02,2024-11-29,2024-11-30,2024-12-27,28,28,1,2024-11-29,28
"P02961","85+",94,2024-10-01,2024-12-23,2025-02-17,2024-12-24,2025-01-20,2025-01-21,2025-02-17,28,28,0,2025-02-17,56
"P07725","65-74",69,2024-10-01,2024-12-05,2025-01-30,2024-12-06,2025-01-02,2025-01-03,2025-01-30,28,28,1,2024-12-31,26
"P08249","65-74",67,2024-10-01,2024-10-04,2024-11-29,2024-10-05,2024-11-01,2024-11-02,2024-11-29,28,28,1,2024-10-11,7
"P13471","65-74",70,2024-10-01,2024-10-31,2024-12-26,2024-11-01,2024-11-28,2024-11-29,2024-12-26,28,28,0,2024-12-14,44
"P01390","65-74",68,2024-10-01,2024-11-13,2025-01-08,2024-11-14,2024-12-11,2024-12-12,2025-01-08,28,28,1,2024-12-05,22
"P03085","65-74",67,2024-10-01,2024-12-12,2025-02-06,2024-12-13,2025-01-09,2025-01-10,2025-02-06,28,28,1,2024-12-30,18
"P11906","65-74",66,2024-10-01,2024-11-12,2025-01-07,2024-11-13,2024-12-10,2024-12-11,2025-01-07,28,28,0,2024-12-26,44
"P00935","65-74",75,2024-10-01,2024-10-06,2024-12-01,2024-10-07,2024-11-03,2024-11-04,2024-12-01,28,28,1,2024-10-25,19
"P02200","65-74",67,2024-10-01,2024-12-06,2025-01-31,2024-12-07,2025-01-03,2025-01-04,2025-01-31,28,28,1,2024-12-18,12
"P02088","65-74",70,2024-10-01,2025-01-31,2025-03-28,2025-02-01,2025-02-28,2025-03-01,2025-03-28,28,28,1,2025-02-23,23
"P07245","65-74",66,2024-10-01,2024-10-04,2024-11-29,2024-10-05,2024-11-01,2024-11-02,2024-11-29,28,28,1,2024-10-18,14
"P17406","65-74",74,2024-10-01,2024-10-24,2024-12-19,2024-10-25,2024-11-21,2024-11-22,2024-12-19,28,28,0,2024-12-17,54
"P10257","65-74",66,2024-10-01,2024-10-31,2024-12-26,2024-11-01,2024-11-28,2024-11-29,2024-12-26,28,28,1,2024-11-14,14
"P02475","65-74",70,2024-10-01,2024-11-02,2024-12-28,2024-11-03,2024-11-30,2024-12-01,2024-12-28,28,28,1,2024-11-17,15
"P05517","65-74",65,2024-10-01,2024-10-03,2024-11-28,2024-10-04,2024-10-31,2024-11-01,2024-11-28,28,28,0,2024-11-27,55
"P16062","65-74",66,2024-10-01,2024-10-06,2024-12-01,2024-10-07,2024-11-03,2024-11-04,2024-12-01,28,28,1,2024-11-03,28
"P06865","65-74",71,2024-10-01,2024-11-09,2025-01-04,2024-11-10,2024-12-07,2024-12-08,2025-01-04,28,28,0,2024-12-25,46
"P04302","75-84",81,2024-10-01,2024-12-05,2025-01-30,2024-12-06,2025-01-02,2025-01-03,2025-01-30,28,28,0,2025-01-10,36
"P03587","75-84",85,2024-10-01,2025-02-01,2025-03-29,2025-02-02,2025-03-01,2025-03-02,2025-03-29,28,28,1,2025-02-19,18
"P06290","65-74",71,2024-10-01,2024-12-27,2025-02-21,2024-12-28,2025-01-24,2025-01-25,2025-02-21,28,28,0,2025-01-27,31
"P18801","65-74",70,2024-10-01,2024-11-04,2024-12-30,2024-11-05,2024-12-02,2024-12-03,2024-12-30,28,28,1,2024-11-10,6
"P05071","65-74",65,2024-10-01,2024-10-13,2024-12-08,2024-10-14,2024-11-10,2024-11-11,2024-12-08,28,28,0,2024-12-02,50
"P16324","65-74",68,2024-10-01,2024-11-29,2025-01-24,2024-11-30,2024-12-27,2024-12-28,2025-01-24,28,28,1,2024-12-26,27
"P12145","65-74",74,2024-10-01,2024-11-16,2025-01-11,2024-11-17,2024-12-14,2024-12-15,2025-01-11,28,28,0,2024-12-29,43
"P06964","65-74",69,2024-10-01,2024-10-22,2024-12-17,2024-10-23,2024-11-19,2024-11-20,2024-12-17,28,28,1,2024-11-12,21
"P14048","75-84",84,2024-10-01,2024-11-27,2025-01-22,2024-11-28,2024-12-25,2024-12-26,2025-01-22,28,28,1,2024-12-09,12
"P05218","75-84",79,2024-10-01,2025-01-15,2025-03-12,2025-01-16,2025-02-12,2025-02-13,2025-03-12,28,28,0,2025-02-22,38
"P01626","65-74",71,2024-10-01,2024-11-22,2025-01-17,2024-11-23,2024-12-20,2024-12-21,2025-01-17,28,28,1,2024-12-14,22
"P07588","65-74",75,2024-10-01,2024-10-16,2024-12-11,2024-10-17,2024-11-13,2024-11-14,2024-12-11,28,28,0,2024-12-04,49
"P01917","65-74",73,2024-10-01,2024-10-28,2024-12-23,2024-10-29,2024-11-25,2024-11-26,2024-12-23,28,28,1,2024-11-08,11
"P05200","65-74",69,2024-10-01,2024-10-04,2024-11-29,2024-10-05,2024-11-01,2024-11-02,2024-11-29,28,28,1,2024-10-21,17
"P15538","65-74",67,2024-10-01,2024-10-29,2024-12-24,2024-10-30,2024-11-26,2024-11-27,2024-12-24,28,28,1,2024-11-02,4
"P18846","75-84",78,2024-10-01,2024-11-06,2025-01-01,2024-11-07,2024-12-04,2024-12-05,2025-01-01,28,28,1,2024-11-16,10
"P07376","65-74",72,2024-10-01,2024-10-31,2024-12-26,2024-11-01,2024-11-28,2024-11-29,2024-12-26,28,28,1,2024-11-08,8
"P18522","65-74",67,2024-10-01,2024-12-08,2025-02-02,2024-12-09,2025-01-05,2025-01-06,2025-02-02,28,28,1,2024-12-23,15
"P00645","75-84",83,2024-10-01,2024-10-18,2024-12-13,2024-10-19,2024-11-15,2024-11-16,2024-12-13,28,28,1,2024-11-01,14
"P09409","75-84",84,2024-10-01,2024-10-21,2024-12-16,2024-10-22,2024-11-18,2024-11-19,2024-12-16,28,28,1,2024-10-25,4
"P16683","65-74",72,2024-10-01,2024-10-23,2024-12-18,2024-10-24,2024-11-20,2024-11-21,2024-12-18,28,28,1,2024-11-18,26
"P06554","65-74",70,2024-10-01,2024-10-07,2024-12-02,2024-10-08,2024-11-04,2024-11-05,2024-12-02,28,28,0,2024-11-25,49
"P09426","65-74",74,2024-10-01,2024-10-27,2024-12-22,2024-10-28,2024-11-24,2024-11-25,2024-12-22,28,28,0,2024-11-29,33
"P14405","75-84",78,2024-10-01,2024-10-24,2024-12-19,2024-10-25,2024-11-21,2024-11-22,2024-12-19,28,28,1,2024-11-05,12
"P11391","65-74",66,2024-10-01,2024-10-07,2024-12-02,2024-10-08,2024-11-04,2024-11-05,2024-12-02,28,28,1,2024-11-03,27
"P10977","75-84",80,2024-10-01,2025-01-10,2025-03-07,2025-01-11,2025-02-07,2025-02-08,2025-03-07,28,28,1,2025-01-30,20
"P01496","65-74",71,2024-10-01,2024-12-23,2025-02-17,2024-12-24,2025-01-20,2025-01-21,2025-02-17,28,28,0,2025-01-31,39
"P09198","65-74",73,2024-10-01,2024-10-30,2024-12-25,2024-10-31,2024-11-27,2024-11-28,2024-12-25,28,28,0,2024-12-01,32
"P17022","65-74",71,2024-10-01,2024-11-25,2025-01-20,2024-11-26,2024-12-23,2024-12-24,2025-01-20,28,28,0,2025-01-06,42
"P10403","65-74",66,2024-10-01,2024-11-25,2025-01-20,2024-11-26,2024-12-23,2024-12-24,2025-01-20,28,28,0,2025-01-14,50
"P03012","65-74",70,2024-10-01,2024-10-23,2024-12-18,2024-10-24,2024-11-20,2024-11-21,2024-12-18,28,28,0,2024-12-01,39
"P15525","75-84",84,2024-10-01,2024-10-25,2024-12-20,2024-10-26,2024-11-22,2024-11-23,2024-12-20,28,28,0,2024-12-11,47
"P19155","65-74",72,2024-10-01,2024-10-06,2024-12-01,2024-10-07,2024-11-03,2024-11-04,2024-12-01,28,28,1,2024-10-30,24
"P05686","65-74",74,2024-10-01,2024-12-21,2025-02-15,2024-12-22,2025-01-18,2025-01-19,2025-02-15,28,28,1,2024-12-26,5
"P19213","65-74",72,2024-10-01,2024-11-07,2025-01-02,2024-11-08,2024-12-05,2024-12-06,2025-01-02,28,28,0,2024-12-10,33
"P04070","75-84",85,2024-10-01,2025-01-14,2025-03-11,2025-01-15,2025-02-11,2025-02-12,2025-03-11,28,28,0,2025-02-22,39
"P01365","85+",92,2024-10-01,2025-01-23,2025-03-20,2025-01-24,2025-02-20,2025-02-21,2025-03-20,28,28,0,2025-03-10,46
"P16579","65-74",71,2024-10-01,2024-11-03,2024-12-29,2024-11-04,2024-12-01,2024-12-02,2024-12-29,28,28,1,2024-11-10,7
"P07823","75-84",83,2024-10-01,2024-12-09,2025-02-03,2024-12-10,2025-01-06,2025-01-07,2025-02-03,28,28,0,2025-01-10,32
"P01035","65-74",72,2024-10-01,2024-11-04,2024-12-30,2024-11-05,2024-12-02,2024-12-03,2024-12-30,28,28,1,2024-11-17,13
"P00142","75-84",75,2024-10-01,2024-12-14,2025-02-08,2024-12-15,2025-01-11,2025-01-12,2025-02-08,28,28,0,2025-01-24,41
"P08470","75-84",80,2024-10-01,2024-11-28,2025-01-23,2024-11-29,2024-12-26,2024-12-27,2025-01-23,28,28,1,2024-12-25,27
"P01754","85+",95,2024-10-01,2024-10-27,2024-12-22,2024-10-28,2024-11-24,2024-11-25,2024-12-22,28,28,1,2024-11-07,11
"P09553","75-84",77,2024-10-01,2024-10-25,2024-12-20,2024-10-26,2024-11-22,2024-11-23,2024-12-20,28,28,1,2024-11-16,22
"P13785","65-74",68,2024-10-01,2025-01-02,2025-02-27,2025-01-03,2025-01-30,2025-01-31,2025-02-27,28,28,1,2025-01-10,8
"P19228","65-74",72,2024-10-01,2024-10-02,2024-11-27,2024-10-03,2024-10-30,2024-10-31,2024-11-27,28,28,1,2024-10-08,6
"P10651","65-74",71,2024-10-01,2024-10-17,2024-12-12,2024-10-18,2024-11-14,2024-11-15,2024-12-12,28,28,1,2024-11-05,19
"P15948","65-74",75,2024-10-01,2024-10-02,2024-11-27,2024-10-03,2024-10-30,2024-10-31,2024-11-27,28,28,1,2024-10-20,18
"P19200","65-74",68,2024-10-01,2024-11-04,2024-12-30,2024-11-05,2024-12-02,2024-12-03,2024-12-30,28,28,1,2024-11-16,12
"P05671","65-74",68,2024-10-01,2024-10-11,2024-12-06,2024-10-12,2024-11-08,2024-11-09,2024-12-06,28,28,1,2024-11-03,23
"P17519","65-74",68,2024-10-01,2025-01-09,2025-03-06,2025-01-10,2025-02-06,2025-02-07,2025-03-06,28,28,1,2025-01-16,7
"P03264","65-74",72,2024-10-01,2025-01-26,2025-03-23,2025-01-27,2025-02-23,2025-02-24,2025-03-23,28,28,1,2025-02-14,19
"P13206","75-84",76,2024-10-01,2024-12-25,2025-02-19,2024-12-26,2025-01-22,2025-01-23,2025-02-19,28,28,1,2025-01-02,8
"P05615","65-74",74,2024-10-01,2024-10-06,2024-12-01,2024-10-07,2024-11-03,2024-11-04,2024-12-01,28,28,0,2024-11-28,53
"P05234","75-84",79,2024-10-01,2024-11-23,2025-01-18,2024-11-24,2024-12-21,2024-12-22,2025-01-18,28,28,0,2024-12-22,29
"P06003","65-74",71,2024-10-01,2024-11-04,2024-12-30,2024-11-05,2024-12-02,2024-12-03,2024-12-30,28,28,0,2024-12-20,46
"P05323","85+",88,2024-10-01,2025-02-03,2025-03-31,2025-02-04,2025-03-03,2025-03-04,2025-03-31,28,28,1,2025-02-25,22
"P07268","75-84",81,2024-10-01,2024-11-12,2025-01-07,2024-11-13,2024-12-10,2024-12-11,2025-01-07,28,28,1,2024-11-24,12
"P15416","65-74",75,2024-10-01,2024-10-30,2024-12-25,2024-10-31,2024-11-27,2024-11-28,2024-12-25,28,28,0,2024-12-02,33
"P10504","65-74",70,2024-10-01,2024-11-10,2025-01-05,2024-11-11,2024-12-08,2024-12-09,2025-01-05,28,28,0,2024-12-11,31
"P14642","75-84",82,2024-10-01,2024-12-12,2025-02-06,2024-12-13,2025-01-09,2025-01-10,2025-02-06,28,28,1,2024-12-28,16
"P12653","85+",85,2024-10-01,2024-11-19,2025-01-14,2024-11-20,2024-12-17,2024-12-18,2025-01-14,28,28,1,2024-11-22,3
"P09139","85+",94,2024-10-01,2024-12-21,2025-02-15,2024-12-22,2025-01-18,2025-01-19,2025-02-15,28,28,0,2025-01-20,30
"P11125","65-74",69,2024-10-01,2024-12-05,2025-01-30,2024-12-06,2025-01-02,2025-01-03,2025-01-30,28,28,0,2025-01-09,35
"P16534","65-74",67,2024-10-01,2024-12-05,2025-01-30,2024-12-06,2025-01-02,2025-01-03,2025-01-30,28,28,0,2025-01-11,37
"P02058","65-74",66,2024-10-01,2024-11-03,2024-12-29,2024-11-04,2024-12-01,2024-12-02,2024-12-29,28,28,0,2024-12-17,44
"P17185","65-74",65,2024-10-01,2024-10-19,2024-12-14,2024-10-20,2024-11-16,2024-11-17,2024-12-14,28,28,0,2024-12-03,45
"P09772","75-84",84,2024-10-01,2025-01-11,2025-03-08,2025-01-12,2025-02-08,2025-02-09,2025-03-08,28,28,0,2025-02-18,38
"P02051","65-74",68,2024-10-01,2024-10-13,2024-12-08,2024-10-14,2024-11-10,2024-11-11,2024-12-08,28,28,0,2024-11-15,33
"P15615","65-74",72,2024-10-01,2024-12-02,2025-01-27,2024-12-03,2024-12-30,2024-12-31,2025-01-27,28,28,0,2024-12-31,29
"P05034","65-74",70,2024-10-01,2024-11-24,2025-01-19,2024-11-25,2024-12-22,2024-12-23,2025-01-19,28,28,1,2024-12-15,21
"P13118","75-84",75,2024-10-01,2024-11-11,2025-01-06,2024-11-12,2024-12-09,2024-12-10,2025-01-06,28,28,0,2024-12-12,31
"P01002","75-84",81,2024-10-01,2024-10-08,2024-12-03,2024-10-09,2024-11-05,2024-11-06,2024-12-03,28,28,1,2024-10-10,2
"P01840","65-74",66,2024-10-01,2025-01-02,2025-02-27,2025-01-03,2025-01-30,2025-01-31,2025-02-27,28,28,1,2025-01-03,1
"P05069","85+",93,2024-10-01,2024-10-25,2024-12-20,2024-10-26,2024-11-22,2024-11-23,2024-12-20,28,28,0,2024-12-10,46
"P04533","65-74",66,2024-10-01,2024-12-15,2025-02-09,2024-12-16,2025-01-12,2025-01-13,2025-02-09,28,28,0,2025-02-08,55
"P08051","75-84",75,2024-10-01,2024-12-27,2025-02-21,2024-12-28,2025-01-24,2025-01-25,2025-02-21,28,28,0,2025-02-08,43
"P11606","65-74",71,2024-10-01,2024-12-21,2025-02-15,2024-12-22,2025-01-18,2025-01-19,2025-02-15,28,28,1,2025-01-05,15
"P10301","65-74",74,2024-10-01,2024-10-29,2024-12-24,2024-10-30,2024-11-26,2024-11-27,2024-12-24,28,28,1,2024-10-30,1
"P15651","75-84",78,2024-10-01,2024-10-05,2024-11-30,2024-10-06,2024-11-02,2024-11-03,2024-11-30,28,28,1,2024-10-28,23
"P09361","65-74",75,2024-10-01,2024-10-09,2024-12-04,2024-10-10,2024-11-06,2024-11-07,2024-12-04,28,28,0,2024-11-12,34
"P19476","65-74",67,2024-10-01,2024-12-19,2025-02-13,2024-12-20,2025-01-16,2025-01-17,2025-02-13,28,28,1,2025-01-13,25
"P09083","75-84",76,2024-10-01,2024-11-03,2024-12-29,2024-11-04,2024-12-01,2024-12-02,2024-12-29,28,28,1,2024-11-26,23
"P05086","75-84",83,2024-10-01,2024-10-03,2024-11-28,2024-10-04,2024-10-31,2024-11-01,2024-11-28,28,28,0,2024-11-26,54
"P01050","65-74",72,2024-10-01,2024-11-13,2025-01-08,2024-11-14,2024-12-11,2024-12-12,2025-01-08,28,28,1,2024-11-23,10
"P01922","65-74",65,2024-10-01,2024-11-24,2025-01-19,2024-11-25,2024-12-22,2024-12-23,2025-01-19,28,28,1,2024-12-19,25
"P01787","65-74",72,2024-10-01,2024-10-26,2024-12-21,2024-10-27,2024-11-23,2024-11-24,2024-12-21,28,28,1,2024-10-27,1
"P04984","65-74",72,2024-10-01,2024-10-02,2024-11-27,2024-10-03,2024-10-30,2024-10-31,2024-11-27,28,28,1,2024-10-29,27
"P11216","65-74",73,2024-10-01,2024-12-20,2025-02-14,2024-12-21,2025-01-17,2025-01-18,2025-02-14,28,28,0,2025-02-06,48
"P19867","85+",87,2024-10-01,2024-12-18,2025-02-12,2024-12-19,2025-01-15,2025-01-16,2025-02-12,28,28,0,2025-01-26,39
"P10963","75-84",79,2024-10-01,2024-11-11,2025-01-06,2024-11-12,2024-12-09,2024-12-10,2025-01-06,28,28,1,2024-12-09,28
"P08248","75-84",75,2024-10-01,2024-10-15,2024-12-10,2024-10-16,2024-11-12,2024-11-13,2024-12-10,28,28,0,2024-11-21,37
"P07607","65-74",71,2024-10-01,2024-12-09,2025-02-03,2024-12-10,2025-01-06,2025-01-07,2025-02-03,28,28,0,2025-01-30,52
"P15283","65-74",66,2024-10-01,2024-10-23,2024-12-18,2024-10-24,2024-11-20,2024-11-21,2024-12-18,28,28,1,2024-11-04,12
"P13984","85+",86,2024-10-01,2024-10-03,2024-11-28,2024-10-04,2024-10-31,2024-11-01,2024-11-28,28,28,0,2024-11-15,43
"P02514","65-74",67,2024-10-01,2024-12-06,2025-01-31,2024-12-07,2025-01-03,2025-01-04,2025-01-31,28,28,1,2024-12-29,23
"P19589","85+",87,2024-10-01,2024-11-18,2025-01-13,2024-11-19,2024-12-16,2024-12-17,2025-01-13,28,28,0,2025-01-11,54
"P03434","65-74",71,2024-10-01,2024-10-13,2024-12-08,2024-10-14,2024-11-10,2024-11-11,2024-12-08,28,28,1,2024-11-08,26
"P09883","65-74",72,2024-10-01,2024-10-07,2024-12-02,2024-10-08,2024-11-04,2024-11-05,2024-12-02,28,28,1,2024-10-24,17
"P04801","65-74",66,2024-10-01,2024-10-16,2024-12-11,2024-10-17,2024-11-13,2024-11-14,2024-12-11,28,28,1,2024-10-17,1
"P00518","65-74",65,2024-10-01,2024-10-29,2024-12-24,2024-10-30,2024-11-26,2024-11-27,2024-12-24,28,28,0,2024-11-27,29
"P05306","65-74",69,2024-10-01,2024-10-14,2024-12-09,2024-10-15,2024-11-11,2024-11-12,2024-12-09,28,28,1,2024-11-09,26
"P08513","85+",90,2024-10-01,2024-12-06,2025-01-31,2024-12-07,2025-01-03,2025-01-04,2025-01-31,28,28,0,2025-01-21,46
"P13671","85+",94,2024-10-01,2024-10-03,2024-11-28,2024-10-04,2024-10-31,2024-11-01,2024-11-28,28,28,1,2024-10-15,12
"P15086","65-74",69,2024-10-01,2024-10-17,2024-12-12,2024-10-18,2024-11-14,2024-11-15,2024-12-12,28,28,1,2024-10-18,1
"P04356","65-74",71,2024-10-01,2024-10-12,2024-12-07,2024-10-13,2024-11-09,2024-11-10,2024-12-07,28,28,0,2024-11-28,47
"P10137","75-84",77,2024-10-01,2024-12-06,2025-01-31,2024-12-07,2025-01-03,2025-01-04,2025-01-31,28,28,0,2025-01-12,37
"P17643","65-74",74,2024-10-01,2024-10-01,2024-11-26,2024-10-02,2024-10-29,2024-10-30,2024-11-26,28,28,1,2024-10-17,16
"P11795","65-74",68,2024-10-01,2024-10-25,2024-12-20,2024-10-26,2024-11-22,2024-11-23,2024-12-20,28,28,0,2024-12-13,49
"P19171","75-84",75,2024-10-01,2024-10-03,2024-11-28,2024-10-04,2024-10-31,2024-11-01,2024-11-28,28,28,0,2024-11-15,43
"P17112","65-74",65,2024-10-01,2024-11-17,2025-01-12,2024-11-18,2024-12-15,2024-12-16,2025-01-12,28,28,1,2024-12-03,16
"P05330","75-84",82,2024-10-01,2024-11-12,2025-01-07,2024-11-13,2024-12-10,2024-12-11,2025-01-07,28,28,0,2024-12-14,32
"P03682","65-74",74,2024-10-01,2024-11-07,2025-01-02,2024-11-08,2024-12-05,2024-12-06,2025-01-02,28,28,1,2024-11-09,2
"P08472","75-84",75,2024-10-01,2024-10-08,2024-12-03,2024-10-09,2024-11-05,2024-11-06,2024-12-03,28,28,1,2024-11-03,26
"P00294","65-74",73,2024-10-01,2024-12-24,2025-02-18,2024-12-25,2025-01-21,2025-01-22,2025-02-18,28,28,1,2024-12-31,7
"P05824","65-74",69,2024-10-01,2025-01-02,2025-02-27,2025-01-03,2025-01-30,2025-01-31,2025-02-27,28,28,1,2025-01-26,24
"P11286","75-84",84,2024-10-01,2024-10-14,2024-12-09,2024-10-15,2024-11-11,2024-11-12,2024-12-09,28,28,0,2024-11-19,36
"P17156","65-74",66,2024-10-01,2024-12-05,2025-01-30,2024-12-06,2025-01-02,2025-01-03,2025-01-30,28,28,1,2024-12-24,19
"P09294","65-74",75,2024-10-01,2024-11-16,2025-01-11,2024-11-17,2024-12-14,2024-12-15,2025-01-11,28,28,1,2024-12-03,17
"P06784","85+",88,2024-10-01,2024-10-28,2024-12-23,2024-10-29,2024-11-25,2024-11-26,2024-12-23,28,28,1,2024-11-06,9
"P13241","65-74",67,2024-10-01,2024-12-18,2025-02-12,2024-12-19,2025-01-15,2025-01-16,2025-02-12,28,28,1,2025-01-13,26
"P02762","65-74",74,2024-10-01,2024-10-09,2024-12-04,2024-10-10,2024-11-06,2024-11-07,2024-12-04,28,28,1,2024-11-04,26
"P15677","65-74",74,2024-10-01,2024-12-16,2025-02-10,2024-12-17,2025-01-13,2025-01-14,2025-02-10,28,28,0,2025-02-08,54
"P15688","65-74",65,2024-10-01,2024-12-08,2025-02-02,2024-12-09,2025-01-05,2025-01-06,2025-02-02,28,28,1,2024-12-15,7
"P01289","65-74",74,2024-10-01,2024-10-25,2024-12-20,2024-10-26,2024-11-22,2024-11-23,2024-12-20,28,28,0,2024-12-14,50
"P05195","75-84",75,2024-10-01,2024-10-02,2024-11-27,2024-10-03,2024-10-30,2024-10-31,2024-11-27,28,28,0,2024-11-14,43
"P05667","65-74",69,2024-10-01,2024-10-22,2024-12-17,2024-10-23,2024-11-19,2024-11-20,2024-12-17,28,28,1,2024-11-07,16
"P18445","75-84",79,2024-10-01,2024-11-03,2024-12-29,2024-11-04,2024-12-01,2024-12-02,2024-12-29,28,28,1,2024-11-19,16
"P17282","65-74",72,2024-10-01,2024-10-21,2024-12-16,2024-10-22,2024-11-18,2024-11-19,2024-12-16,28,28,0,2024-12-05,45
"P17908","85+",93,2024-10-01,2024-10-28,2024-12-23,2024-10-29,2024-11-25,2024-11-26,2024-12-23,28,28,1,2024-11-03,6
"P00882","65-74",70,2024-10-01,2024-12-09,2025-02-03,2024-12-10,2025-01-06,2025-01-07,2025-02-03,28,28,0,2025-01-07,29
"P10868","75-84",82,2024-10-01,2024-11-08,2025-01-03,2024-11-09,2024-12-06,2024-12-07,2025-01-03,28,28,0,2024-12-20,42
"P04136","75-84",80,2024-10-01,2024-10-17,2024-12-12,2024-10-18,2024-11-14,2024-11-15,2024-12-12,28,28,0,2024-11-19,33
"P04751","65-74",72,2024-10-01,2024-11-01,2024-12-27,2024-11-02,2024-11-29,2024-11-30,2024-12-27,28,28,0,2024-12-10,39
"P18419","75-84",79,2024-10-01,2024-10-14,2024-12-09,2024-10-15,2024-11-11,2024-11-12,2024-12-09,28,28,1,2024-10-29,15
"P13817","65-74",65,2024-10-01,2024-12-15,2025-02-09,2024-12-16,2025-01-12,2025-01-13,2025-02-09,28,28,1,2025-01-11,27
"P10344","75-84",82,2024-10-01,2024-10-02,2024-11-27,2024-10-03,2024-10-30,2024-10-31,2024-11-27,28,28,0,2024-11-08,37
"P16138","65-74",72,2024-10-01,2024-10-14,2024-12-09,2024-10-15,2024-11-11,2024-11-12,2024-12-09,28,28,1,2024-11-10,27
"P04153","65-74",75,2024-10-01,2024-11-03,2024-12-29,2024-11-04,2024-12-01,2024-12-02,2024-12-29,28,28,1,2024-11-09,6
"P15890","65-74",66,2024-10-01,2024-10-14,2024-12-09,2024-10-15,2024-11-11,2024-11-12,2024-12-09,28,28,1,2024-11-06,23
"P14864","65-74",73,2024-10-01,2024-11-16,2025-01-11,2024-11-17,2024-12-14,2024-12-15,2025-01-11,28,28,0,2024-12-21,35
"P17318","85+",89,2024-10-01,2024-10-01,2024-11-26,2024-10-02,2024-10-29,2024-10-30,2024-11-26,28,28,0,2024-11-24,54
"P14577","65-74",72,2024-10-01,2024-12-08,2025-02-02,2024-12-09,2025-01-05,2025-01-06,2025-02-02,28,28,0,2025-01-07,30
"P19172","65-74",69,2024-10-01,2024-10-04,2024-11-29,2024-10-05,2024-11-01,2024-11-02,2024-11-29,28,28,1,2024-10-16,12
"P14216","65-74",68,2024-10-01,2024-11-27,2025-01-22,2024-11-28,2024-12-25,2024-12-26,2025-01-22,28,28,0,2025-01-17,51
"P07488","75-84",78,2024-10-01,2024-10-12,2024-12-07,2024-10-13,2024-11-09,2024-11-10,2024-12-07,28,28,1,2024-10-13,1
"P18788","65-74",66,2024-10-01,2024-10-04,2024-11-29,2024-10-05,2024-11-01,2024-11-02,2024-11-29,28,28,1,2024-10-18,14
"P05037","65-74",72,2024-10-01,2025-01-16,2025-03-13,2025-01-17,2025-02-13,2025-02-14,2025-03-13,28,28,0,2025-03-13,56
"P16267","65-74",67,2024-10-01,2024-10-12,2024-12-07,2024-10-13,2024-11-09,2024-11-10,2024-12-07,28,28,1,2024-10-13,1
"P07963","75-84",79,2024-10-01,2024-11-16,2025-01-11,2024-11-17,2024-12-14,2024-12-15,2025-01-11,28,28,1,2024-12-09,23
"P08398","65-74",72,2024-10-01,2025-01-15,2025-03-12,2025-01-16,2025-02-12,2025-02-13,2025-03-12,28,28,1,2025-01-20,5
"P02002","75-84",76,2024-10-01,2024-11-07,2025-01-02,2024-11-08,2024-12-05,2024-12-06,2025-01-02,28,28,1,2024-11-17,10
"P19607","65-74",72,2024-10-01,2025-01-04,2025-03-01,2025-01-05,2025-02-01,2025-02-02,2025-03-01,28,28,1,2025-01-13,9
"P18571","65-74",75,2024-10-01,2024-11-16,2025-01-11,2024-11-17,2024-12-14,2024-12-15,2025-01-11,28,28,1,2024-12-14,28
"P06085","75-84",77,2024-10-01,2024-11-27,2025-01-22,2024-11-28,2024-12-25,2024-12-26,2025-01-22,28,28,1,2024-12-13,16
"P10522","75-84",78,2024-10-01,2024-11-25,2025-01-20,2024-11-26,2024-12-23,2024-12-24,2025-01-20,28,28,1,2024-12-19,24
"P08031","75-84",83,2024-10-01,2024-10-26,2024-12-21,2024-10-27,2024-11-23,2024-11-24,2024-12-21,28,28,0,2024-12-09,44
"P11904","65-74",68,2024-10-01,2024-12-13,2025-02-07,2024-12-14,2025-01-10,2025-01-11,2025-02-07,28,28,1,2025-01-07,25
"P15994","75-84",78,2024-10-01,2025-01-30,2025-03-27,2025-01-31,2025-02-27,2025-02-28,2025-03-27,28,28,1,2025-02-08,9
"P19452","75-84",78,2024-10-01,2024-11-06,2025-01-01,2024-11-07,2024-12-04,2024-12-05,2025-01-01,28,28,1,2024-11-22,16
"P04748","65-74",66,2024-10-01,2024-10-09,2024-12-04,2024-10-10,2024-11-06,2024-11-07,2024-12-04,28,28,0,2024-11-22,44
"P03212","65-74",71,2024-10-01,2024-11-29,2025-01-24,2024-11-30,2024-12-27,2024-12-28,2025-01-24,28,28,1,2024-12-03,4
"P14241","65-74",70,2024-10-01,2024-10-02,2024-11-27,2024-10-03,2024-10-30,2024-10-31,2024-11-27,28,28,1,2024-10-11,9
"P10291","65-74",68,2024-10-01,2024-11-29,2025-01-24,2024-11-30,2024-12-27,2024-12-28,2025-01-24,28,28,0,2025-01-12,44
"P18422","65-74",65,2024-10-01,2024-10-31,2024-12-26,2024-11-01,2024-11-28,2024-11-29,2024-12-26,28,28,1,2024-11-25,25
"P04676","65-74",69,2024-10-01,2024-12-05,2025-01-30,2024-12-06,2025-01-02,2025-01-03,2025-01-30,28,28,0,2025-01-15,41
"P15740","65-74",68,2024-10-01,2024-12-29,2025-02-23,2024-12-30,2025-01-26,2025-01-27,2025-02-23,28,28,1,2025-01-13,15
"P13936","85+",91,2024-10-01,2024-11-02,2024-12-28,2024-11-03,2024-11-30,2024-12-01,2024-12-28,28,28,1,2024-11-05,3
"P02115","65-74",70,2024-10-01,2024-11-14,2025-01-09,2024-11-15,2024-12-12,2024-12-13,2025-01-09,28,28,1,2024-12-02,18
"P02691","65-74",69,2024-10-01,2024-10-22,2024-12-17,2024-10-23,2024-11-19,2024-11-20,2024-12-17,28,28,1,2024-11-10,19
"P16832","85+",90,2024-10-01,2024-12-17,2025-02-11,2024-12-18,2025-01-14,2025-01-15,2025-02-11,28,28,0,2025-02-11,56
"P18352","75-84",81,2024-10-01,2024-11-16,2025-01-11,2024-11-17,2024-12-14,2024-12-15,2025-01-11,28,28,1,2024-12-05,19
"P00608","75-84",82,2024-10-01,2024-10-23,2024-12-18,2024-10-24,2024-11-20,2024-11-21,2024-12-18,28,28,1,2024-11-20,28
"P09005","75-84",83,2024-10-01,2025-01-17,2025-03-14,2025-01-18,2025-02-14,2025-02-15,2025-03-14,28,28,0,2025-03-11,53
"P13310","75-84",78,2024-10-01,2024-10-21,2024-12-16,2024-10-22,2024-11-18,2024-11-19,2024-12-16,28,28,1,2024-10-29,8
"P17902","65-74",75,2024-10-01,2024-11-04,2024-12-30,2024-11-05,2024-12-02,2024-12-03,2024-12-30,28,28,0,2024-12-21,47
"P06539","65-74",66,2024-10-01,2024-10-05,2024-11-30,2024-10-06,2024-11-02,2024-11-03,2024-11-30,28,28,1,2024-10-17,12
"P00174","65-74",71,2024-10-01,2024-10-16,2024-12-11,2024-10-17,2024-11-13,2024-11-14,2024-12-11,28,28,0,2024-11-17,32
"P16989","65-74",73,2024-10-01,2024-12-10,2025-02-04,2024-12-11,2025-01-07,2025-01-08,2025-02-04,28,28,1,2024-12-27,17
"P09976","75-84",83,2024-10-01,2024-12-19,2025-02-13,2024-12-20,2025-01-16,2025-01-17,2025-02-13,28,28,1,2025-01-06,18
"P18967","85+",91,2024-10-01,2024-10-15,2024-12-10,2024-10-16,2024-11-12,2024-11-13,2024-12-10,28,28,0,2024-11-20,36
"P10676","65-74",66,2024-10-01,2024-11-23,2025-01-18,2024-11-24,2024-12-21,2024-12-22,2025-01-18,28,28,0,2025-01-08,46
"P08235","65-74",71,2024-10-01,2024-10-03,2024-11-28,2024-10-04,2024-10-31,2024-11-01,2024-11-28,28,28,1,2024-10-11,8
"P11739","85+",94,2024-10-01,2024-10-11,2024-12-06,2024-10-12,2024-11-08,2024-11-09,2024-12-06,28,28,0,2024-11-16,36
"P02627","65-74",69,2024-10-01,2024-10-03,2024-11-28,2024-10-04,2024-10-31,2024-11-01,2024-11-28,28,28,0,2024-11-14,42
"P03315","65-74",73,2024-10-01,2024-11-07,2025-01-02,2024-11-08,2024-12-05,2024-12-06,2025-01-02,28,28,1,2024-11-24,17
"P04119","65-74",71,2024-10-01,2024-10-24,2024-12-19,2024-10-25,2024-11-21,2024-11-22,2024-12-19,28,28,1,2024-10-28,4
"P18177","65-74",70,2024-10-01,2024-10-22,2024-12-17,2024-10-23,2024-11-19,2024-11-20,2024-12-17,28,28,0,2024-12-09,48
"P09037","75-84",78,2024-10-01,2024-10-30,2024-12-25,2024-10-31,2024-11-27,2024-11-28,2024-12-25,28,28,0,2024-12-04,35
"P05778","75-84",79,2024-10-01,2025-01-17,2025-03-14,2025-01-18,2025-02-14,2025-02-15,2025-03-14,28,28,0,2025-03-01,43
"P18734","65-74",75,2024-10-01,2024-11-09,2025-01-04,2024-11-10,2024-12-07,2024-12-08,2025-01-04,28,28,1,2024-11-19,10
"P14180","85+",86,2024-10-01,2024-11-08,2025-01-03,2024-11-09,2024-12-06,2024-12-07,2025-01-03,28,28,0,2024-12-30,52
"P06716","65-74",74,2024-10-01,2024-12-10,2025-02-04,2024-12-11,2025-01-07,2025-01-08,2025-02-04,28,28,1,2024-12-22,12
"P05800","65-74",69,2024-10-01,2024-12-30,2025-02-24,2024-12-31,2025-01-27,2025-01-28,2025-02-24,28,28,1,2025-01-16,17
"P04765","75-84",82,2024-10-01,2024-10-26,2024-12-21,2024-10-27,2024-11-23,2024-11-24,2024-12-21,28,28,1,2024-11-01,6
"P07993","85+",88,2024-10-01,2025-01-10,2025-03-07,2025-01-11,2025-02-07,2025-02-08,2025-03-07,28,28,1,2025-02-02,23
"P07862","65-74",72,2024-10-01,2024-10-05,2024-11-30,2024-10-06,2024-11-02,2024-11-03,2024-11-30,28,28,1,2024-10-15,10
"P16675","65-74",68,2024-10-01,2024-10-22,2024-12-17,2024-10-23,2024-11-19,2024-11-20,2024-12-17,28,28,1,2024-11-12,21
"P09540","65-74",72,2024-10-01,2024-12-05,2025-01-30,2024-12-06,2025-01-02,2025-01-03,2025-01-30,28,28,1,2024-12-21,16
"P16268","65-74",66,2024-10-01,2024-10-03,2024-11-28,2024-10-04,2024-10-31,2024-11-01,2024-11-28,28,28,1,2024-10-28,25
"P00152","65-74",65,2024-10-01,2024-10-13,2024-12-08,2024-10-14,2024-11-10,2024-11-11,2024-12-08,28,28,0,2024-11-26,44
"P13083","65-74",66,2024-10-01,2024-12-22,2025-02-16,2024-12-23,2025-01-19,2025-01-20,2025-02-16,28,28,0,2025-01-26,35
"P15218","65-74",71,2024-10-01,2024-10-17,2024-12-12,2024-10-18,2024-11-14,2024-11-15,2024-12-12,28,28,0,2024-11-27,41
"P04755","75-84",84,2024-10-01,2024-10-23,2024-12-18,2024-10-24,2024-11-20,2024-11-21,2024-12-18,28,28,1,2024-11-17,25
"P11999","65-74",67,2024-10-01,2024-11-07,2025-01-02,2024-11-08,2024-12-05,2024-12-06,2025-01-02,28,28,0,2024-12-20,43
"P09413","75-84",78,2024-10-01,2024-11-09,2025-01-04,2024-11-10,2024-12-07,2024-12-08,2025-01-04,28,28,1,2024-11-25,16
"P10194","75-84",83,2024-10-01,2024-10-04,2024-11-29,2024-10-05,2024-11-01,2024-11-02,2024-11-29,28,28,0,2024-11-04,31
"P07337","65-74",71,2024-10-01,2024-10-05,2024-11-30,2024-10-06,2024-11-02,2024-11-03,2024-11-30,28,28,1,2024-10-08,3
"P09398","65-74",65,2024-10-01,2024-10-01,2024-11-26,2024-10-02,2024-10-29,2024-10-30,2024-11-26,28,28,0,2024-10-30,29
"P03256","65-74",70,2024-10-01,2024-11-20,2025-01-15,2024-11-21,2024-12-18,2024-12-19,2025-01-15,28,28,1,2024-12-18,28
"P10938","75-84",78,2024-10-01,2024-11-02,2024-12-28,2024-11-03,2024-11-30,2024-12-01,2024-12-28,28,28,0,2024-12-17,45
"P12687","65-74",72,2024-10-01,2024-10-13,2024-12-08,2024-10-14,2024-11-10,2024-11-11,2024-12-08,28,28,1,2024-11-01,19
"P19988","75-84",79,2024-10-01,2024-10-16,2024-12-11,2024-10-17,2024-11-13,2024-11-14,2024-12-11,28,28,1,2024-10-17,1
"P01186","75-84",77,2024-10-01,2025-01-18,2025-03-15,2025-01-19,2025-02-15,2025-02-16,2025-03-15,28,28,1,2025-02-03,16
"P19837","65-74",68,2024-10-01,2024-10-11,2024-12-06,2024-10-12,2024-11-08,2024-11-09,2024-12-06,28,28,0,2024-11-13,33
"P07694","75-84",84,2024-10-01,2024-10-03,2024-11-28,2024-10-04,2024-10-31,2024-11-01,2024-11-28,28,28,1,2024-10-08,5
"P05342","75-84",79,2024-10-01,2024-10-17,2024-12-12,2024-10-18,2024-11-14,2024-11-15,2024-12-12,28,28,0,2024-12-04,48
"P06228","75-84",82,2024-10-01,2024-12-11,2025-02-05,2024-12-12,2025-01-08,2025-01-09,2025-02-05,28,28,0,2025-01-29,49
"P15652","75-84",82,2024-10-01,2025-01-17,2025-03-14,2025-01-18,2025-02-14,2025-02-15,2025-03-14,28,28,1,2025-01-19,2
"P18484","65-74",73,2024-10-01,2025-01-10,2025-03-07,2025-01-11,2025-02-07,2025-02-08,2025-03-07,28,28,0,2025-02-24,45
"P06971","65-74",71,2024-10-01,2024-10-07,2024-12-02,2024-10-08,2024-11-04,2024-11-05,2024-12-02,28,28,0,2024-11-19,43
"P00623","65-74",67,2024-10-01,2024-10-10,2024-12-05,2024-10-11,2024-11-07,2024-11-08,2024-12-05,28,28,0,2024-12-03,54
"P13743","65-74",72,2024-10-01,2024-10-12,2024-12-07,2024-10-13,2024-11-09,2024-11-10,2024-12-07,28,28,0,2024-11-25,44
"P03370","75-84",81,2024-10-01,2024-10-10,2024-12-05,2024-10-11,2024-11-07,2024-11-08,2024-12-05,28,28,1,2024-10-25,15
"P07058","65-74",65,2024-10-01,2024-10-04,2024-11-29,2024-10-05,2024-11-01,2024-11-02,2024-11-29,28,28,1,2024-10-14,10
"P16588","85+",95,2024-10-01,2024-10-05,2024-11-30,2024-10-06,2024-11-02,2024-11-03,2024-11-30,28,28,1,2024-10-29,24
"P17740","65-74",67,2024-10-01,2024-11-25,2025-01-20,2024-11-26,2024-12-23,2024-12-24,2025-01-20,28,28,1,2024-12-16,21
"P04741","65-74",68,2024-10-01,2024-10-03,2024-11-28,2024-10-04,2024-10-31,2024-11-01,2024-11-28,28,28,1,2024-10-27,24
"P01095","65-74",71,2024-10-01,2024-12-08,2025-02-02,2024-12-09,2025-01-05,2025-01-06,2025-02-02,28,28,0,2025-01-10,33
"P00496","65-74",74,2024-10-01,2024-11-18,2025-01-13,2024-11-19,2024-12-16,2024-12-17,2025-01-13,28,28,0,2024-12-31,43
"P18166","65-74",66,2024-10-01,2024-10-16,2024-12-11,2024-10-17,2024-11-13,2024-11-14,2024-12-11,28,28,0,2024-11-26,41
